comments,sub_title,downs,isexpert,user_name,quality_score,created_at,digg,recommend,title,type,url,sourcetype,id,tag,category,strategy,views,desc,nickname,category_id,strategy_id,summary,shown_offset,shown_time,user_url,avatar
0,,0,0,tom_wong666,0,20小时前,2,false,TomWong的博客博文分类和索引,blog,https://blog.csdn.net/tom_wong666/article/details/84137820,0,84137820,,,其它,1183,博文分类说明一，demo---小功能块；二，配置---项目基础配置；三，问题探讨---具体问题的探讨；四，工具---项目开发工具git/VSCode/WebStorm等使用方法的记录；五，随手记---随手记的实用知识点，感悟等琐碎但有意义的东西；博文索引			一，demo---5篇									跳转链接					5，自定义响应式网页(利用css3媒体查询...,tom_wong666,none,u_c_null,博文分类说明一，demo---小功能块；二，配置---项目基础配置；三，问题探讨---具体问题的探讨；四，工具---项目开发工具git/VSCode/WebStorm等使用方法的记录；五，随手记---随手记的实用知识点，感悟等琐碎但有意义的东西；博文索引			一，demo---5篇									跳转链接					5，自定义响应式网页(利用css3媒体查询...,1573107037,1573107037,https://blog.csdn.net/tom_wong666,https://profile.csdnimg.cn/8/B/0/1_tom_wong666
43,,0,0,m0_38106923,0,09月21日,352,true,GitHub开源的10个超棒后台管理面板,blog,https://blog.csdn.net/m0_38106923/article/details/101050788,0,101050788,,,其它,42666,目录1、AdminLTE2、vue-Element-Admin3、tabler4、Gentelella5、ng2-admin6、ant-design-pro7、blur-admin8、iview-admin9、material-dashboard10、layui项目开发中后台管理平台必不可少，但是从零搭建一套多样化后台管理并不容易，目前有许多开源、免费、...,不脱发的程序猿,none,u_c_null,目录1、AdminLTE2、vue-Element-Admin3、tabler4、Gentelella5、ng2-admin6、ant-design-pro7、blur-admin8、iview-admin9、material-dashboard10、layui项目开发中后台管理平台必不可少，但是从零搭建一套多样化后台管理并不容易，目前有许多开源、免费、...,1573107037,1573107037,https://blog.csdn.net/m0_38106923,https://profile.csdnimg.cn/6/A/C/1_m0_38106923
4,,0,0,weixin_44198965,0,09月21日,8,false,Sass - 变量($),blog,https://blog.csdn.net/weixin_44198965/article/details/101110709,0,101110709,,,其它,2082,"基本语法定义一个Sass变量非常简单，变量以美元符号($)开始，赋值像设置CSS属性一样：$new-color:rgb(255,0,0);然后，便可以使用该变量：div{background:$new-color;}编译为CSS：div{background:rgb(255,0,0)}局部变量几乎所有语言均存在局部变量与全局变量，当然Sass...", 王佳斌 ,none,u_c_null,"基本语法定义一个Sass变量非常简单，变量以美元符号($)开始，赋值像设置CSS属性一样：$new-color:rgb(255,0,0);然后，便可以使用该变量：div{background:$new-color;}编译为CSS：div{background:rgb(255,0,0)}局部变量几乎所有语言均存在局部变量与全局变量，当然Sass...",1573107037,1573107037,https://blog.csdn.net/weixin_44198965,https://profile.csdnimg.cn/6/9/3/1_weixin_44198965
0,,0,0,flysnownet,0,09月16日,0,false,js根据name获取input，textarea的值以及判断checkbox是否选中,blog,https://blog.csdn.net/flysnownet/article/details/100888814,0,100888814,,,其它,2020,"需求：系统配置里有输入框，文本域，开关三种配置项，每一项后有保存按钮，点击保存时获取到该配置强的键值对传到后台代码示例{extendname=""common/base""}{blockname='body-content'}&lt;!--以下是正文--&gt;&lt;divclass=""layui-body""&gt;...",flysnownet,none,u_c_null,需求：系统配置里有输入框，文本域，开关三种配置项，每一项后有保存按钮，点击保存时获取到该配置强的键值对传到后台代码示例{extendname=&quot;common/base&quot;}{blockname='body-content'}&amp;lt;!--以下是正文--&amp;gt;&amp;lt;divclass=&quot;layui-body&quot;&amp;gt;...,1573107037,1573107037,https://blog.csdn.net/flysnownet,https://profile.csdnimg.cn/0/B/A/1_flysnownet
1,,0,0,qq_39045645,0,09月09日,1,false,关于各种Vue UI框架中加载进度条的正确使用,blog,https://blog.csdn.net/qq_39045645/article/details/100663575,0,100663575,,,其它,12591,"这里拿MUSEUI中的进度条举例&lt;mu-circular-progress:size=""40""class=""icon""v-if=""isloading""/&gt;&lt;divv-show=""!isloading""&gt;&lt;p&gt;内容&lt;/p&gt;&lt;/div&gt;//数据初始化data(){...",Vam的金豆之路,none,u_c_null,这里拿MUSEUI中的进度条举例&amp;lt;mu-circular-progress:size=&quot;40&quot;class=&quot;icon&quot;v-if=&quot;isloading&quot;/&amp;gt;&amp;lt;divv-show=&quot;!isloading&quot;&amp;gt;&amp;lt;p&amp;gt;内容&amp;lt;/p&amp;gt;&amp;lt;/div&amp;gt;//数据初始化data(){...,1573107037,1573107037,https://blog.csdn.net/qq_39045645,https://profile.csdnimg.cn/B/1/0/1_qq_39045645
0,,0,0,weixin_43606158,0,08月29日,3,false,移动端复选框自定义样式及功能实现逻辑及代码,blog,https://blog.csdn.net/weixin_43606158/article/details/100077900,0,100077900,,,其它,5842,"每一项的input：&lt;label&gt;&lt;inputname=""nex""type=""checkbox""className={styles.visibleInput}checked={this.state.selectedIds.includes(obj.assetCardId)}onChange={()=&gt;{...",超级吴小迪,none,u_c_null,每一项的input：&amp;lt;label&amp;gt;&amp;lt;inputname=&quot;nex&quot;type=&quot;checkbox&quot;className={styles.visibleInput}checked={this.state.selectedIds.includes(obj.assetCardId)}onChange={()=&amp;gt;{...,1573107037,1573107037,https://blog.csdn.net/weixin_43606158,https://profile.csdnimg.cn/3/B/2/1_weixin_43606158
13,,0,0,u013735914,0,07月31日,4,false,IDEA pycharm webstorm 2019注册码（激活码）真实可用！,blog,https://blog.csdn.net/u013735914/article/details/97898153,0,97898153,,,其它,36345,（请直接看最后一个最新的，激活码在后面！！！转载的请附上原文链接搜索不易！）失效后请重新复制最新激活码目录失效后请重新复制最新激活码当前最新激活码为：2019.07.16注册码2018.10.01注册码：2018.11.13注册码：2018.12.05注册码：2019.02.07注册码2019.04.10注册码2019.06....,矮冬瓜2014,none,u_c_null,（请直接看最后一个最新的，激活码在后面！！！转载的请附上原文链接搜索不易！）失效后请重新复制最新激活码目录失效后请重新复制最新激活码当前最新激活码为：2019.07.16注册码2018.10.01注册码：2018.11.13注册码：2018.12.05注册码：2019.02.07注册码2019.04.10注册码2019.06....,1573107037,1573107037,https://blog.csdn.net/u013735914,https://profile.csdnimg.cn/5/8/C/1_u013735914
0,,0,0,q1424966670,0,06月19日,0,false,js检查数据类型的方法,blog,https://blog.csdn.net/q1424966670/article/details/92839348,0,92839348,,,其它,3347,"1.typeof这是最常用的基本数据类型检测的方法console.log(typeof"""");//stringconsole.log(typeof1);//numberconsole.log(typeoftrue);//booleanconsole.log(typeofundefined);//undefinedc...",红烧鱼i,none,u_c_null,1.typeof这是最常用的基本数据类型检测的方法console.log(typeof&quot;&quot;);//stringconsole.log(typeof1);//numberconsole.log(typeoftrue);//booleanconsole.log(typeofundefined);//undefinedc...,1573107037,1573107037,https://blog.csdn.net/q1424966670,https://profile.csdnimg.cn/3/5/A/1_q1424966670
3,,0,0,weixin_44540236,0,06月18日,11,false,iframe标签（页面嵌套）,blog,https://blog.csdn.net/weixin_44540236/article/details/92760494,0,92760494,,,其它,18361,开发工具与关键技术：VS&lt;iframe&gt;作者:听民谣的老猫撰写时间：2019/6/1018:15上面两张图是两个不同的页面但是它们的基本框架都是一样，每点击一次左边的导航栏改变的都是中间的内容区域。也就是说共同的框架都是没有改变的，改变的是中间的内容。有没有什么方法可以不改变外面的基本框架只改变中间的内容???我们可以用页面嵌套方法来达到这一要求。页面嵌...,听民谣的老猫,none,u_c_null,开发工具与关键技术：VS&amp;lt;iframe&amp;gt;作者:听民谣的老猫撰写时间：2019/6/1018:15上面两张图是两个不同的页面但是它们的基本框架都是一样，每点击一次左边的导航栏改变的都是中间的内容区域。也就是说共同的框架都是没有改变的，改变的是中间的内容。有没有什么方法可以不改变外面的基本框架只改变中间的内容???我们可以用页面嵌套方法来达到这一要求。页面嵌...,1573107037,1573107037,https://blog.csdn.net/weixin_44540236,https://profile.csdnimg.cn/0/0/F/1_weixin_44540236
1,,0,0,weixin_45601379,0,09月05日,11,false,VSCode详细使用教程,blog,https://blog.csdn.net/weixin_45601379/article/details/100550421,0,100550421,,,其它,4978,&nbsp;&nbsp;&nbsp;&nbsp;&nbsp;&nbsp;VSCode（VisualStudioCode）是由微软研发的一款免费、开源的跨平台文本（代码）编辑器，算是目前前端开发几乎完美的软件开发工具。1.VSCode下载VSCode下载链接:https://code.visualstudio.com/2.VSCode汉化3.VSCode常用插件(安装步骤同汉化)&...,Yaphets.Lee,none,u_c_null,&amp;nbsp;&amp;nbsp;&amp;nbsp;&amp;nbsp;&amp;nbsp;&amp;nbsp;VSCode（VisualStudioCode）是由微软研发的一款免费、开源的跨平台文本（代码）编辑器，算是目前前端开发几乎完美的软件开发工具。1.VSCode下载VSCode下载链接:https://code.visualstudio.com/2.VSCode汉化3.VSCode常用插件(安装步骤同汉化)&amp;...,1573107037,1573107037,https://blog.csdn.net/weixin_45601379,https://profile.csdnimg.cn/B/4/2/1_weixin_45601379
2,,0,0,qing_gee,0,2天前,27,true,如何理解 Java 中的继承？,blog,https://blog.csdn.net/qing_gee/article/details/102909771,0,102909771,,,其它,1233,编点俏皮话吧，这样可以更好地理解继承（extends）——小明他爸是个七品芝麻官，那么小明就是个管二代；小明他爸当年走过雪山草地，越过鸭绿江边，那么小明就是个宏二代；小明他爸有三亩地，拆迁后分了10套房，那么小明就是柴二代。//老华classLaohua{}//小华classXiaohuaextendsLaohua{}请允许我继续编下去：小华和小华他爸都是手...,沉默王二,none,u_c_null,编点俏皮话吧，这样可以更好地理解继承（extends）&mdash;&mdash;小明他爸是个七品芝麻官，那么小明就是个管二代；小明他爸当年走过雪山草地，越过鸭绿江边，那么小明就是个宏二代；小明他爸有三亩地，拆迁后分了10套房，那么小明就是柴二代。//老华classLaohua{}//小华classXiaohuaextendsLaohua{}请允许我继续编下去：小华和小华他爸都是手...,1573107037,1573107037,https://blog.csdn.net/qing_gee,https://profile.csdnimg.cn/9/1/2/1_qing_gee
13,,0,0,hguisu,0,3天前,37,false,架构师成长之路(3)--如何成为架构师（方法）,blog,https://blog.csdn.net/hguisu/article/details/46687555,0,46687555,,,其它,33517,"前言：哲学家常思考的问题：""我是谁？""""我从哪里来？""""要到哪里去？不只是哲学家，我想每个人都有自己对这三个问题的认知。如果我们要成为架构师，我们自己要面临的三大问题：找准自己定位：我是谁？在哪里？怎样做好架构师：我要做什么？如何搭建架构师知识体系：我该怎么做？这里面就是做事方法论：目标（我要做什么），方法（计划）（我该怎么做）,执行/行动0.能力等级定义心理...",规速,none,u_c_null,"前言：哲学家常思考的问题：&quot;我是谁？&quot;&quot;我从哪里来？&quot;&quot;要到哪里去？不只是哲学家，我想每个人都有自己对这三个问题的认知。如果我们要成为架构师，我们自己要面临的三大问题：找准自己定位：我是谁？在哪里？怎样做好架构师：我要做什么？如何搭建架构师知识体系：我该怎么做？这里面就是做事方法论：目标（我要做什么），方法（计划）（我该怎么做）,执行/行动0.能力等级定义心理...",1573107037,1573107037,https://blog.csdn.net/hguisu,https://profile.csdnimg.cn/F/2/A/1_hguisu
1,,0,0,blogdevteam,0,23小时前,5,false,期待你的加入！CSDN Blink题主招募令,blog,https://blog.csdn.net/blogdevteam/article/details/102934697,0,102934697,,,其它,94,一步两步三步，嘿！看这里~Blink自从上线以来，受到了超多人的青睐，大家在这里撕掉程序员标签，发挥创作热情，分享自己的成长趣事，随着新鲜、有趣的内容越来越多，Blink小姐姐发出话题题主招募令，以下话题急需你来申请：程序媛人工智能开源精选你好，大学求职面试问题与解答相亲交友热点资讯职场有料申请条件：在你感兴趣的话题下面发布5条与主题相关的Blink关注话题动态，发...,CSDN官方博客,none,u_c_null,一步两步三步，嘿！看这里~Blink自从上线以来，受到了超多人的青睐，大家在这里撕掉程序员标签，发挥创作热情，分享自己的成长趣事，随着新鲜、有趣的内容越来越多，Blink小姐姐发出话题题主招募令，以下话题急需你来申请：程序媛人工智能开源精选你好，大学求职面试问题与解答相亲交友热点资讯职场有料申请条件：在你感兴趣的话题下面发布5条与主题相关的Blink关注话题动态，发...,1573107037,1573107037,https://blog.csdn.net/blogdevteam,https://profile.csdnimg.cn/8/C/E/1_blogdevteam
3,,0,0,zyy_hbcz,0,1天前,6,false,北漂6年，不忘初心,blog,https://blog.csdn.net/zyy_hbcz/article/details/102921712,0,102921712,,,其它,412,十一月，北京的夜风很凉、很凉；但仍相信：有一种力量，叫坚持；有一种坚持，叫初心；有一种初心，叫梦想；有一种梦想，叫远方；有一种远方，叫无惧。时光飞逝，转眼间，自己一个人已在北京漂了六年零两个月了。在过去的六年零两个月里，自己作为一名女程序员，在这个女生数量不多的行业里，笑过、哭过、开心过、迷茫过、奋斗过、爱过、恨过、后悔过、也曾被质疑过……但幸运的是自己一直坚持初心...,樱花语,none,u_c_null,十一月，北京的夜风很凉、很凉；但仍相信：有一种力量，叫坚持；有一种坚持，叫初心；有一种初心，叫梦想；有一种梦想，叫远方；有一种远方，叫无惧。时光飞逝，转眼间，自己一个人已在北京漂了六年零两个月了。在过去的六年零两个月里，自己作为一名女程序员，在这个女生数量不多的行业里，笑过、哭过、开心过、迷茫过、奋斗过、爱过、恨过、后悔过、也曾被质疑过&hellip;&hellip;但幸运的是自己一直坚持初心...,1573107037,1573107037,https://blog.csdn.net/zyy_hbcz,https://profile.csdnimg.cn/0/4/D/1_zyy_hbcz
0,,0,0,weixin_43392489,0,2天前,6,false,第七十期：2019年度Java开发者路线图,blog,https://blog.csdn.net/weixin_43392489/article/details/102911000,0,102911000,,,其它,188,本文将向大家展示了一张Java开发者路线图。该路线图在保持简单可行的基础上，介绍了各种具有业界标准、且方便多数人遵循的工具和程序库。作者：陈峻许多Java开发人员都希望通过某种Java成长路线图，来解答有关：该学习哪些技术，使用哪些工具以及框架之类的问题。在此，我将向大家展示一张根据自己多年经验总结出的路线图。该路线图在保持简单可行的基础上，介绍了各种具有业界标准、且方便多数人遵循的...,你知道歌谣吗？,none,u_c_null,本文将向大家展示了一张Java开发者路线图。该路线图在保持简单可行的基础上，介绍了各种具有业界标准、且方便多数人遵循的工具和程序库。作者：陈峻许多Java开发人员都希望通过某种Java成长路线图，来解答有关：该学习哪些技术，使用哪些工具以及框架之类的问题。在此，我将向大家展示一张根据自己多年经验总结出的路线图。该路线图在保持简单可行的基础上，介绍了各种具有业界标准、且方便多数人遵循的...,1573107037,1573107037,https://blog.csdn.net/weixin_43392489,https://profile.csdnimg.cn/6/7/2/1_weixin_43392489
14,,0,0,harvic880925,0,6天前,59,false,在中国程序员是青春饭吗？,blog,https://blog.csdn.net/harvic880925/article/details/102850436,0,102850436,,,其它,4182,今年，我也32了，为了不给大家误导，咨询了猎头、圈内好友，以及年过35岁的几位老程序员……舍了老脸去揭人家伤疤……希望能给大家以帮助，记得帮我点赞哦。目录：你以为的人生	一次又一次的伤害	猎头界的真相	如何应对互联网行业的「中年危机」一、你以为的人生刚入行时，拿着傲人的工资，想着好好干，以为我们的人生是这样的：等真到了那一天，你会发现，你的人生很可能是这样的：...,启舰,none,u_c_null,今年，我也32了，为了不给大家误导，咨询了猎头、圈内好友，以及年过35岁的几位老程序员&hellip;&hellip;舍了老脸去揭人家伤疤&hellip;&hellip;希望能给大家以帮助，记得帮我点赞哦。目录：你以为的人生	一次又一次的伤害	猎头界的真相	如何应对互联网行业的「中年危机」一、你以为的人生刚入行时，拿着傲人的工资，想着好好干，以为我们的人生是这样的：等真到了那一天，你会发现，你的人生很可能是这样的：...,1573107037,1573107037,https://blog.csdn.net/harvic880925,https://profile.csdnimg.cn/0/D/3/1_harvic880925
5,,0,0,qq_41894068,0,2天前,4,false,"之前看到有前辈说要定期写博客,所以决定从现在开始写,算是成长自传体吧,会一直持续到我要离开这个行业为止,希望和大家一起成长,谢谢",blog,https://blog.csdn.net/qq_41894068/article/details/102897109,0,102897109,,,其它,94,"还挺长的,都是关于自己的,而且挺多表情包,流量不够使,就别看了聊聊自己我就是一个普通三本学校的大学生,计算机科学与技术专业的,高考时候英语考了29分,理综还算高点,最后总分比二本线多了二十多分,刚好能上个本科.刚开始呢，选这个专业是我舅舅帮我选的，我舅舅是一个大学的副教授,当时也没什么喜欢的专业,觉得都行,所以我母亲就让舅舅帮我做决定了.上了三年学,到现在,其实真的挺迷茫的,不知道考...",lSunnyll,none,u_c_null,"还挺长的,都是关于自己的,而且挺多表情包,流量不够使,就别看了聊聊自己我就是一个普通三本学校的大学生,计算机科学与技术专业的,高考时候英语考了29分,理综还算高点,最后总分比二本线多了二十多分,刚好能上个本科.刚开始呢，选这个专业是我舅舅帮我选的，我舅舅是一个大学的副教授,当时也没什么喜欢的专业,觉得都行,所以我母亲就让舅舅帮我做决定了.上了三年学,到现在,其实真的挺迷茫的,不知道考...",1573107037,1573107037,https://blog.csdn.net/qq_41894068,https://profile.csdnimg.cn/2/5/4/1_qq_41894068
13,,0,0,DavidGoGo_,0,7天前,221,false,程序员接私活怎样防止做完了不给钱？,blog,https://blog.csdn.net/DavidGoGo_/article/details/102824354,0,102824354,,,其它,16897,首先跟大家说明一点，我们做IT类的外包开发，是非标品开发，所以很有可能在开发过程中会有这样那样的需求修改，而这种需求修改很容易造成扯皮，进而影响到费用支付，甚至出现做完了项目收不到钱的情况。那么，怎么保证自己的薪酬安全呢？我们在开工前，一定要做好一些证据方面的准备（也就是“讨薪”的理论依据），这其中最重要的就是需求文档和验收标准。一定要让需求方提供这两个文档资料作为开发的基础。之后开发...,DavidGoGo_,none,u_c_null,首先跟大家说明一点，我们做IT类的外包开发，是非标品开发，所以很有可能在开发过程中会有这样那样的需求修改，而这种需求修改很容易造成扯皮，进而影响到费用支付，甚至出现做完了项目收不到钱的情况。那么，怎么保证自己的薪酬安全呢？我们在开工前，一定要做好一些证据方面的准备（也就是&ldquo;讨薪&rdquo;的理论依据），这其中最重要的就是需求文档和验收标准。一定要让需求方提供这两个文档资料作为开发的基础。之后开发...,1573107037,1573107037,https://blog.csdn.net/DavidGoGo_,https://profile.csdnimg.cn/1/D/A/1_davidgogo_
25,,0,0,xiyue001,0,6天前,342,false,兼职程序员一般可以从什么平台接私活？,blog,https://blog.csdn.net/xiyue001/article/details/102816596,0,102816596,,,其它,18285,这个问题我进行了系统性的总结，以下将进行言简意赅的说明和渠道提供，希望对各位小猿/小媛们有帮助~根据我们的经验，程序员兼职主要分为三种：兼职职位众包、项目整包和自由职业者驻场。所谓的兼职职位众包，指的是需求方这边有自有工程师配合，只需要某个职位的工程师开发某个模块的项目。比如开发一个app，后端接口有人开发，但是缺少iOS前端开发工程师，那么他们就会发布一个职位招聘前端，来配合公司一...,github_master,none,u_c_null,这个问题我进行了系统性的总结，以下将进行言简意赅的说明和渠道提供，希望对各位小猿/小媛们有帮助~根据我们的经验，程序员兼职主要分为三种：兼职职位众包、项目整包和自由职业者驻场。所谓的兼职职位众包，指的是需求方这边有自有工程师配合，只需要某个职位的工程师开发某个模块的项目。比如开发一个app，后端接口有人开发，但是缺少iOS前端开发工程师，那么他们就会发布一个职位招聘前端，来配合公司一...,1573107037,1573107037,https://blog.csdn.net/xiyue001,https://profile.csdnimg.cn/B/A/0/1_xiyue001
41,,0,0,yellowzf3,0,10月25日,127,false,从月薪3K的中专生，到身家千万的CTO！人生最大的对手，就是自已,blog,https://blog.csdn.net/yellowzf3/article/details/102739368,0,102739368,,,其它,12478,关注“技术领导力”博客，独家大厂干货推送文/Daniel.WDavid坐在我对面，窗外是梦境般的外滩夜景，繁星点点的璀璨灯火，散落在黄浦江两岸。我转过头对David说，你丫挺会享受啊，约我到这么浪漫的地方。David狠狠地吸了一口手中的雪茄，又快速吐了出来，眼睛眯成一条缝，品味着雪茄在口中的醇香，一边说，MD，转眼我们都快40了，记得2002年，刚认识那会才20出头，时间...,技术领导力,none,u_c_null,关注&ldquo;技术领导力&rdquo;博客，独家大厂干货推送文/Daniel.WDavid坐在我对面，窗外是梦境般的外滩夜景，繁星点点的璀璨灯火，散落在黄浦江两岸。我转过头对David说，你丫挺会享受啊，约我到这么浪漫的地方。David狠狠地吸了一口手中的雪茄，又快速吐了出来，眼睛眯成一条缝，品味着雪茄在口中的醇香，一边说，MD，转眼我们都快40了，记得2002年，刚认识那会才20出头，时间...,1573107037,1573107037,https://blog.csdn.net/yellowzf3,https://profile.csdnimg.cn/B/B/5/1_yellowzf3
42,,0,0,xufive,0,3天前,112,true,C/C++/Java/Go/Rust，Python喊你来打擂：3秒钟内统计出小于1亿的素数个数,blog,https://blog.csdn.net/xufive/article/details/102892049,0,102892049,,,其它,6170,前几天，有个非计算机专业的同学问我，如何快速找出1亿之内的孪生素数——所谓孪生素数，就是差值为2的两个素数。原本以为这是一个很简单的问题，随便用python写了一个方法，没想到却要跑17分钟左右。改用C++试试，受限于我对C/C++的理解程度，仍然慢得无法承受（此处绝无小视C++之意）。这个问题激起了我的兴趣。于是乎，我花了半天时间，尝试了几种方式，最终又对代码做了优化，终于在3秒钟内找出了小于1亿的素数表。,天元浪子,none,u_c_null,前几天，有个非计算机专业的同学问我，如何快速找出1亿之内的孪生素数&mdash;&mdash;所谓孪生素数，就是差值为2的两个素数。原本以为这是一个很简单的问题，随便用python写了一个方法，没想到却要跑17分钟左右。改用C++试试，受限于我对C/C++的理解程度，仍然慢得无法承受（此处绝无小视C++之意）。这个问题激起了我的兴趣。于是乎，我花了半天时间，尝试了几种方式，最终又对代码做了优化，终于在3秒钟内找出了小于1亿的素数表。,1573107039,1573107039,https://blog.csdn.net/xufive,https://profile.csdnimg.cn/1/3/9/1_xufive
1,,0,0,weixin_44888486,0,2天前,53,false,Python基础第一周,blog,https://blog.csdn.net/weixin_44888486/article/details/102902402,0,102902402,,,其它,2419,在这里插入图片描述一、Python语言家族1Introduction1.1Python简介Python是一个高层次的结合了解释性、编译性、互动性和面向对象的脚本语言。简单来说，Python是一门编程语言，帮助我们更好的与计算机沟通，功能全面、易学易用、可拓展语言，所以说，人生苦短，我学Python。Python的设计具有很强的可读性，相比其他语言经常使用英文关键字，其他语言的...,宇航18611465354,none,u_c_null,在这里插入图片描述一、Python语言家族1Introduction1.1Python简介Python是一个高层次的结合了解释性、编译性、互动性和面向对象的脚本语言。简单来说，Python是一门编程语言，帮助我们更好的与计算机沟通，功能全面、易学易用、可拓展语言，所以说，人生苦短，我学Python。Python的设计具有很强的可读性，相比其他语言经常使用英文关键字，其他语言的...,1573107039,1573107039,https://blog.csdn.net/weixin_44888486,https://profile.csdnimg.cn/1/3/F/1_weixin_44888486
9,,0,0,qq_41379824,0,2天前,9,false,Numpy初学,blog,https://blog.csdn.net/qq_41379824/article/details/102908424,0,102908424,,,其它,314,"Numpy初学一、数据的创建**1.手动创建**importnumpyaspyarr_1=np.array([1,2,3])arr_1一维数组可直接与标量相乘arr_a*3array([3,6,9])**注：**创建数组时，七元素必须有相同的结构，尽量定义为浮点型arr_b=np.array((1,2),dtype=np.float64)arr_...",遇见最好的自己,none,u_c_null,"Numpy初学一、数据的创建**1.手动创建**importnumpyaspyarr_1=np.array([1,2,3])arr_1一维数组可直接与标量相乘arr_a*3array([3,6,9])**注：**创建数组时，七元素必须有相同的结构，尽量定义为浮点型arr_b=np.array((1,2),dtype=np.float64)arr_...",1573107039,1573107039,https://blog.csdn.net/qq_41379824,https://profile.csdnimg.cn/5/8/9/1_qq_41379824
9,,0,0,csdnnews,0,3天前,36,false,Python 十大装 B 语法,blog,https://blog.csdn.net/csdnnews/article/details/102889897,0,102889897,,,其它,3154,作者|许向武责编|郭芮出品|CSDN博客Python是一种代表简单思想的语言，其语法相对简单，很容易上手。不过，如果就此小视Python语法的精妙和深邃，那就大错特错了。本文精心筛选了最能展现Python语法之精妙的十个知识点，并附上详细的实例代码。如能在实战中融会贯通、灵活使用，必将使代码更为精炼、高效，同时也会极大提升代码B格，使之看上去更老练，读...,CSDN资讯,none,u_c_null,作者|许向武责编|郭芮出品|CSDN博客Python是一种代表简单思想的语言，其语法相对简单，很容易上手。不过，如果就此小视Python语法的精妙和深邃，那就大错特错了。本文精心筛选了最能展现Python语法之精妙的十个知识点，并附上详细的实例代码。如能在实战中融会贯通、灵活使用，必将使代码更为精炼、高效，同时也会极大提升代码B格，使之看上去更老练，读...,1573107039,1573107039,https://blog.csdn.net/csdnnews,https://profile.csdnimg.cn/C/3/E/1_csdnnews
2,,0,0,weixin_39737802,0,2天前,5,false,python 身份证实名认证,blog,https://blog.csdn.net/weixin_39737802/article/details/102912988,0,102912988,,,其它,312,一、首先我们选用了阿里云的身份证实名认证接口：https://market.aliyun.com/products/57000002/cmapi022049.html?spm=5176.2020520132.101.2.3fe77218O6ZDdd#sku=yuncode1604900000二、编译并运行源代码importrequestsdefreqeust_yueyuan(nam...,冒牌技术小哥,none,u_c_null,一、首先我们选用了阿里云的身份证实名认证接口：https://market.aliyun.com/products/57000002/cmapi022049.html?spm=5176.2020520132.101.2.3fe77218O6ZDdd#sku=yuncode1604900000二、编译并运行源代码importrequestsdefreqeust_yueyuan(nam...,1573107039,1573107039,https://blog.csdn.net/weixin_39737802,https://profile.csdnimg.cn/3/8/F/1_weixin_39737802
1,,0,0,qq_36291294,0,2天前,4,false,python爬取琳琅社区整站视频（一晚6000部）,blog,https://blog.csdn.net/qq_36291294/article/details/102907624,0,102907624,,,其它,468,琳琅社区（传闻中最受男人喜爱的网站），哼哼，我倒要看看是不是真的该项目用于爬取琳琅社区整站视频（仅供学习）主要使用：python3.7+scrapy2.19+Mysql8.0+win10首先确定需要爬取的内容，定义item：classLinglangItem(scrapy.Item):	#视频属于哪个模块video_belong_module=scrap...,我的眼里只有bug,none,u_c_null,琳琅社区（传闻中最受男人喜爱的网站），哼哼，我倒要看看是不是真的该项目用于爬取琳琅社区整站视频（仅供学习）主要使用：python3.7+scrapy2.19+Mysql8.0+win10首先确定需要爬取的内容，定义item：classLinglangItem(scrapy.Item):	#视频属于哪个模块video_belong_module=scrap...,1573107039,1573107039,https://blog.csdn.net/qq_36291294,https://profile.csdnimg.cn/2/8/0/1_qq_36291294
4,,0,0,weixin_43351999,0,3天前,35,false,HTML基础语法,blog,https://blog.csdn.net/weixin_43351999/article/details/102884344,0,102884344,,,其它,1590,文章目录HTML基本语法HTML基本结构HTML标签HTML元素HTML属性注释DOCTYPE文档类型声明网页编码设置文字和段落标签标题标签段落标签align对齐属性值换行标签水平线修饰标签特殊符号列表标签无序列表type属性值有序列表type属性值定义列表列表标签应用场景图像和超链接标签图像标签img属性路径选择alt属性超链接标签属性锚链接定义锚（同一页面）锚链接使用定义锚（不同页面）邮件链接...,彼岸的灵魂,none,u_c_null,文章目录HTML基本语法HTML基本结构HTML标签HTML元素HTML属性注释DOCTYPE文档类型声明网页编码设置文字和段落标签标题标签段落标签align对齐属性值换行标签水平线修饰标签特殊符号列表标签无序列表type属性值有序列表type属性值定义列表列表标签应用场景图像和超链接标签图像标签img属性路径选择alt属性超链接标签属性锚链接定义锚（同一页面）锚链接使用定义锚（不同页面）邮件链接...,1573107039,1573107039,https://blog.csdn.net/weixin_43351999,https://profile.csdnimg.cn/C/6/E/1_weixin_43351999
84,,0,0,weixin_43252237,0,5天前,95,false,怎样用Python讨您的女朋友欢心（附源码）,blog,https://blog.csdn.net/weixin_43252237/article/details/102859739,0,102859739,,,其它,4567,送给有女朋友的童鞋们，你们过得怎么样？给女朋友送礼物纠结吗？哈哈哈，今天写一篇文章教你每天给她暖心的问候！本来是打算通过微信发问候的，但是好像微信的网页接口停止使用了，itchat模块无法使用，所以智能用邮件代替了。API的合作干活不累天气API你可关于获取天气，我们已经学过了，今天就直接复制，然后稍作修改每日一句这个接口是金山词霸提供的接口，不仅可以听一首音乐...,MilFun,none,u_c_null,送给有女朋友的童鞋们，你们过得怎么样？给女朋友送礼物纠结吗？哈哈哈，今天写一篇文章教你每天给她暖心的问候！本来是打算通过微信发问候的，但是好像微信的网页接口停止使用了，itchat模块无法使用，所以智能用邮件代替了。API的合作干活不累天气API你可关于获取天气，我们已经学过了，今天就直接复制，然后稍作修改每日一句这个接口是金山词霸提供的接口，不仅可以听一首音乐...,1573107039,1573107039,https://blog.csdn.net/weixin_43252237,https://profile.csdnimg.cn/9/8/3/1_weixin_43252237
0,,0,0,fxflyflyfly,0,2天前,4,true,十分钟搞定pandas,blog,https://blog.csdn.net/fxflyflyfly/article/details/102912375,0,102912375,,,其它,197,"文章目录1.创建对象2.查看数据3.数据选择器读取：选择单列,这会产生一个序列,等价df.A使用[]选择行片断使用标签选择使用标签获取横截面使用标签选择多轴显示标签切片,包含两个端点降低返回对象维度获取标量值快速访问并获取标量数据(等价上面的方法)按位置选择传递整数选择位置使用整数片断,效果类似numpy/python使用整数偏移定位列表,效果类似numpy/python样式显式行切片...",fxflyflyfly,none,u_c_null,"文章目录1.创建对象2.查看数据3.数据选择器读取：选择单列,这会产生一个序列,等价df.A使用[]选择行片断使用标签选择使用标签获取横截面使用标签选择多轴显示标签切片,包含两个端点降低返回对象维度获取标量值快速访问并获取标量数据(等价上面的方法)按位置选择传递整数选择位置使用整数片断,效果类似numpy/python使用整数偏移定位列表,效果类似numpy/python样式显式行切片...",1573107039,1573107039,https://blog.csdn.net/fxflyflyfly,https://profile.csdnimg.cn/6/B/9/1_fxflyflyfly
1,,0,0,qq_43487391,0,23小时前,3,false,利用神经网络对图像分类（对29种不同云层图像分类-pytorch）,blog,https://blog.csdn.net/qq_43487391/article/details/102933578,0,102933578,,,其它,61,一、训练集参加了一个气象比赛，记录一下训练过程数据集是在比赛官网上下载的；点这里说明一下，数据集大部分应该是比赛主办方在网上爬的，所以下载不了数据集也没关系，自己写个爬虫程序下载一下一样的。二、训练过程我用的是pytorch框架写的，主要是用了个残差网络进行训练，具体代码如下：#-*-encoding:utf-8-*-importtorchimportosfromt...,无悔丶,none,u_c_null,一、训练集参加了一个气象比赛，记录一下训练过程数据集是在比赛官网上下载的；点这里说明一下，数据集大部分应该是比赛主办方在网上爬的，所以下载不了数据集也没关系，自己写个爬虫程序下载一下一样的。二、训练过程我用的是pytorch框架写的，主要是用了个残差网络进行训练，具体代码如下：#-*-encoding:utf-8-*-importtorchimportosfromt...,1573107039,1573107039,https://blog.csdn.net/qq_43487391,https://profile.csdnimg.cn/6/6/5/1_qq_43487391
2,,0,0,qing_gee,0,2天前,27,true,如何理解 Java 中的继承？,blog,https://blog.csdn.net/qing_gee/article/details/102909771,0,102909771,,,其它,1233,编点俏皮话吧，这样可以更好地理解继承（extends）——小明他爸是个七品芝麻官，那么小明就是个管二代；小明他爸当年走过雪山草地，越过鸭绿江边，那么小明就是个宏二代；小明他爸有三亩地，拆迁后分了10套房，那么小明就是柴二代。//老华classLaohua{}//小华classXiaohuaextendsLaohua{}请允许我继续编下去：小华和小华他爸都是手...,沉默王二,none,u_c_null,编点俏皮话吧，这样可以更好地理解继承（extends）&mdash;&mdash;小明他爸是个七品芝麻官，那么小明就是个管二代；小明他爸当年走过雪山草地，越过鸭绿江边，那么小明就是个宏二代；小明他爸有三亩地，拆迁后分了10套房，那么小明就是柴二代。//老华classLaohua{}//小华classXiaohuaextendsLaohua{}请允许我继续编下去：小华和小华他爸都是手...,1573107040,1573107040,https://blog.csdn.net/qing_gee,https://profile.csdnimg.cn/9/1/2/1_qing_gee
13,,0,0,hguisu,0,3天前,37,false,架构师成长之路(3)--如何成为架构师（方法）,blog,https://blog.csdn.net/hguisu/article/details/46687555,0,46687555,,,其它,33517,"前言：哲学家常思考的问题：""我是谁？""""我从哪里来？""""要到哪里去？不只是哲学家，我想每个人都有自己对这三个问题的认知。如果我们要成为架构师，我们自己要面临的三大问题：找准自己定位：我是谁？在哪里？怎样做好架构师：我要做什么？如何搭建架构师知识体系：我该怎么做？这里面就是做事方法论：目标（我要做什么），方法（计划）（我该怎么做）,执行/行动0.能力等级定义心理...",规速,none,u_c_null,"前言：哲学家常思考的问题：&quot;我是谁？&quot;&quot;我从哪里来？&quot;&quot;要到哪里去？不只是哲学家，我想每个人都有自己对这三个问题的认知。如果我们要成为架构师，我们自己要面临的三大问题：找准自己定位：我是谁？在哪里？怎样做好架构师：我要做什么？如何搭建架构师知识体系：我该怎么做？这里面就是做事方法论：目标（我要做什么），方法（计划）（我该怎么做）,执行/行动0.能力等级定义心理...",1573107040,1573107040,https://blog.csdn.net/hguisu,https://profile.csdnimg.cn/F/2/A/1_hguisu
1,,0,0,blogdevteam,0,23小时前,5,false,期待你的加入！CSDN Blink题主招募令,blog,https://blog.csdn.net/blogdevteam/article/details/102934697,0,102934697,,,其它,94,一步两步三步，嘿！看这里~Blink自从上线以来，受到了超多人的青睐，大家在这里撕掉程序员标签，发挥创作热情，分享自己的成长趣事，随着新鲜、有趣的内容越来越多，Blink小姐姐发出话题题主招募令，以下话题急需你来申请：程序媛人工智能开源精选你好，大学求职面试问题与解答相亲交友热点资讯职场有料申请条件：在你感兴趣的话题下面发布5条与主题相关的Blink关注话题动态，发...,CSDN官方博客,none,u_c_null,一步两步三步，嘿！看这里~Blink自从上线以来，受到了超多人的青睐，大家在这里撕掉程序员标签，发挥创作热情，分享自己的成长趣事，随着新鲜、有趣的内容越来越多，Blink小姐姐发出话题题主招募令，以下话题急需你来申请：程序媛人工智能开源精选你好，大学求职面试问题与解答相亲交友热点资讯职场有料申请条件：在你感兴趣的话题下面发布5条与主题相关的Blink关注话题动态，发...,1573107040,1573107040,https://blog.csdn.net/blogdevteam,https://profile.csdnimg.cn/8/C/E/1_blogdevteam
3,,0,0,zyy_hbcz,0,1天前,6,false,北漂6年，不忘初心,blog,https://blog.csdn.net/zyy_hbcz/article/details/102921712,0,102921712,,,其它,412,十一月，北京的夜风很凉、很凉；但仍相信：有一种力量，叫坚持；有一种坚持，叫初心；有一种初心，叫梦想；有一种梦想，叫远方；有一种远方，叫无惧。时光飞逝，转眼间，自己一个人已在北京漂了六年零两个月了。在过去的六年零两个月里，自己作为一名女程序员，在这个女生数量不多的行业里，笑过、哭过、开心过、迷茫过、奋斗过、爱过、恨过、后悔过、也曾被质疑过……但幸运的是自己一直坚持初心...,樱花语,none,u_c_null,十一月，北京的夜风很凉、很凉；但仍相信：有一种力量，叫坚持；有一种坚持，叫初心；有一种初心，叫梦想；有一种梦想，叫远方；有一种远方，叫无惧。时光飞逝，转眼间，自己一个人已在北京漂了六年零两个月了。在过去的六年零两个月里，自己作为一名女程序员，在这个女生数量不多的行业里，笑过、哭过、开心过、迷茫过、奋斗过、爱过、恨过、后悔过、也曾被质疑过&hellip;&hellip;但幸运的是自己一直坚持初心...,1573107040,1573107040,https://blog.csdn.net/zyy_hbcz,https://profile.csdnimg.cn/0/4/D/1_zyy_hbcz
0,,0,0,weixin_43392489,0,2天前,6,false,第七十期：2019年度Java开发者路线图,blog,https://blog.csdn.net/weixin_43392489/article/details/102911000,0,102911000,,,其它,188,本文将向大家展示了一张Java开发者路线图。该路线图在保持简单可行的基础上，介绍了各种具有业界标准、且方便多数人遵循的工具和程序库。作者：陈峻许多Java开发人员都希望通过某种Java成长路线图，来解答有关：该学习哪些技术，使用哪些工具以及框架之类的问题。在此，我将向大家展示一张根据自己多年经验总结出的路线图。该路线图在保持简单可行的基础上，介绍了各种具有业界标准、且方便多数人遵循的...,你知道歌谣吗？,none,u_c_null,本文将向大家展示了一张Java开发者路线图。该路线图在保持简单可行的基础上，介绍了各种具有业界标准、且方便多数人遵循的工具和程序库。作者：陈峻许多Java开发人员都希望通过某种Java成长路线图，来解答有关：该学习哪些技术，使用哪些工具以及框架之类的问题。在此，我将向大家展示一张根据自己多年经验总结出的路线图。该路线图在保持简单可行的基础上，介绍了各种具有业界标准、且方便多数人遵循的...,1573107040,1573107040,https://blog.csdn.net/weixin_43392489,https://profile.csdnimg.cn/6/7/2/1_weixin_43392489
14,,0,0,harvic880925,0,6天前,59,false,在中国程序员是青春饭吗？,blog,https://blog.csdn.net/harvic880925/article/details/102850436,0,102850436,,,其它,4182,今年，我也32了，为了不给大家误导，咨询了猎头、圈内好友，以及年过35岁的几位老程序员……舍了老脸去揭人家伤疤……希望能给大家以帮助，记得帮我点赞哦。目录：你以为的人生	一次又一次的伤害	猎头界的真相	如何应对互联网行业的「中年危机」一、你以为的人生刚入行时，拿着傲人的工资，想着好好干，以为我们的人生是这样的：等真到了那一天，你会发现，你的人生很可能是这样的：...,启舰,none,u_c_null,今年，我也32了，为了不给大家误导，咨询了猎头、圈内好友，以及年过35岁的几位老程序员&hellip;&hellip;舍了老脸去揭人家伤疤&hellip;&hellip;希望能给大家以帮助，记得帮我点赞哦。目录：你以为的人生	一次又一次的伤害	猎头界的真相	如何应对互联网行业的「中年危机」一、你以为的人生刚入行时，拿着傲人的工资，想着好好干，以为我们的人生是这样的：等真到了那一天，你会发现，你的人生很可能是这样的：...,1573107040,1573107040,https://blog.csdn.net/harvic880925,https://profile.csdnimg.cn/0/D/3/1_harvic880925
5,,0,0,qq_41894068,0,2天前,4,false,"之前看到有前辈说要定期写博客,所以决定从现在开始写,算是成长自传体吧,会一直持续到我要离开这个行业为止,希望和大家一起成长,谢谢",blog,https://blog.csdn.net/qq_41894068/article/details/102897109,0,102897109,,,其它,94,"还挺长的,都是关于自己的,而且挺多表情包,流量不够使,就别看了聊聊自己我就是一个普通三本学校的大学生,计算机科学与技术专业的,高考时候英语考了29分,理综还算高点,最后总分比二本线多了二十多分,刚好能上个本科.刚开始呢，选这个专业是我舅舅帮我选的，我舅舅是一个大学的副教授,当时也没什么喜欢的专业,觉得都行,所以我母亲就让舅舅帮我做决定了.上了三年学,到现在,其实真的挺迷茫的,不知道考...",lSunnyll,none,u_c_null,"还挺长的,都是关于自己的,而且挺多表情包,流量不够使,就别看了聊聊自己我就是一个普通三本学校的大学生,计算机科学与技术专业的,高考时候英语考了29分,理综还算高点,最后总分比二本线多了二十多分,刚好能上个本科.刚开始呢，选这个专业是我舅舅帮我选的，我舅舅是一个大学的副教授,当时也没什么喜欢的专业,觉得都行,所以我母亲就让舅舅帮我做决定了.上了三年学,到现在,其实真的挺迷茫的,不知道考...",1573107040,1573107040,https://blog.csdn.net/qq_41894068,https://profile.csdnimg.cn/2/5/4/1_qq_41894068
13,,0,0,DavidGoGo_,0,7天前,221,false,程序员接私活怎样防止做完了不给钱？,blog,https://blog.csdn.net/DavidGoGo_/article/details/102824354,0,102824354,,,其它,16897,首先跟大家说明一点，我们做IT类的外包开发，是非标品开发，所以很有可能在开发过程中会有这样那样的需求修改，而这种需求修改很容易造成扯皮，进而影响到费用支付，甚至出现做完了项目收不到钱的情况。那么，怎么保证自己的薪酬安全呢？我们在开工前，一定要做好一些证据方面的准备（也就是“讨薪”的理论依据），这其中最重要的就是需求文档和验收标准。一定要让需求方提供这两个文档资料作为开发的基础。之后开发...,DavidGoGo_,none,u_c_null,首先跟大家说明一点，我们做IT类的外包开发，是非标品开发，所以很有可能在开发过程中会有这样那样的需求修改，而这种需求修改很容易造成扯皮，进而影响到费用支付，甚至出现做完了项目收不到钱的情况。那么，怎么保证自己的薪酬安全呢？我们在开工前，一定要做好一些证据方面的准备（也就是&ldquo;讨薪&rdquo;的理论依据），这其中最重要的就是需求文档和验收标准。一定要让需求方提供这两个文档资料作为开发的基础。之后开发...,1573107040,1573107040,https://blog.csdn.net/DavidGoGo_,https://profile.csdnimg.cn/1/D/A/1_davidgogo_
25,,0,0,xiyue001,0,6天前,342,false,兼职程序员一般可以从什么平台接私活？,blog,https://blog.csdn.net/xiyue001/article/details/102816596,0,102816596,,,其它,18285,这个问题我进行了系统性的总结，以下将进行言简意赅的说明和渠道提供，希望对各位小猿/小媛们有帮助~根据我们的经验，程序员兼职主要分为三种：兼职职位众包、项目整包和自由职业者驻场。所谓的兼职职位众包，指的是需求方这边有自有工程师配合，只需要某个职位的工程师开发某个模块的项目。比如开发一个app，后端接口有人开发，但是缺少iOS前端开发工程师，那么他们就会发布一个职位招聘前端，来配合公司一...,github_master,none,u_c_null,这个问题我进行了系统性的总结，以下将进行言简意赅的说明和渠道提供，希望对各位小猿/小媛们有帮助~根据我们的经验，程序员兼职主要分为三种：兼职职位众包、项目整包和自由职业者驻场。所谓的兼职职位众包，指的是需求方这边有自有工程师配合，只需要某个职位的工程师开发某个模块的项目。比如开发一个app，后端接口有人开发，但是缺少iOS前端开发工程师，那么他们就会发布一个职位招聘前端，来配合公司一...,1573107040,1573107040,https://blog.csdn.net/xiyue001,https://profile.csdnimg.cn/B/A/0/1_xiyue001
41,,0,0,yellowzf3,0,10月25日,127,false,从月薪3K的中专生，到身家千万的CTO！人生最大的对手，就是自已,blog,https://blog.csdn.net/yellowzf3/article/details/102739368,0,102739368,,,其它,12478,关注“技术领导力”博客，独家大厂干货推送文/Daniel.WDavid坐在我对面，窗外是梦境般的外滩夜景，繁星点点的璀璨灯火，散落在黄浦江两岸。我转过头对David说，你丫挺会享受啊，约我到这么浪漫的地方。David狠狠地吸了一口手中的雪茄，又快速吐了出来，眼睛眯成一条缝，品味着雪茄在口中的醇香，一边说，MD，转眼我们都快40了，记得2002年，刚认识那会才20出头，时间...,技术领导力,none,u_c_null,关注&ldquo;技术领导力&rdquo;博客，独家大厂干货推送文/Daniel.WDavid坐在我对面，窗外是梦境般的外滩夜景，繁星点点的璀璨灯火，散落在黄浦江两岸。我转过头对David说，你丫挺会享受啊，约我到这么浪漫的地方。David狠狠地吸了一口手中的雪茄，又快速吐了出来，眼睛眯成一条缝，品味着雪茄在口中的醇香，一边说，MD，转眼我们都快40了，记得2002年，刚认识那会才20出头，时间...,1573107040,1573107040,https://blog.csdn.net/yellowzf3,https://profile.csdnimg.cn/B/B/5/1_yellowzf3
42,,0,0,xufive,0,3天前,112,true,C/C++/Java/Go/Rust，Python喊你来打擂：3秒钟内统计出小于1亿的素数个数,blog,https://blog.csdn.net/xufive/article/details/102892049,0,102892049,,,其它,6170,前几天，有个非计算机专业的同学问我，如何快速找出1亿之内的孪生素数——所谓孪生素数，就是差值为2的两个素数。原本以为这是一个很简单的问题，随便用python写了一个方法，没想到却要跑17分钟左右。改用C++试试，受限于我对C/C++的理解程度，仍然慢得无法承受（此处绝无小视C++之意）。这个问题激起了我的兴趣。于是乎，我花了半天时间，尝试了几种方式，最终又对代码做了优化，终于在3秒钟内找出了小于1亿的素数表。,天元浪子,none,u_c_null,前几天，有个非计算机专业的同学问我，如何快速找出1亿之内的孪生素数&mdash;&mdash;所谓孪生素数，就是差值为2的两个素数。原本以为这是一个很简单的问题，随便用python写了一个方法，没想到却要跑17分钟左右。改用C++试试，受限于我对C/C++的理解程度，仍然慢得无法承受（此处绝无小视C++之意）。这个问题激起了我的兴趣。于是乎，我花了半天时间，尝试了几种方式，最终又对代码做了优化，终于在3秒钟内找出了小于1亿的素数表。,1573107042,1573107042,https://blog.csdn.net/xufive,https://profile.csdnimg.cn/1/3/9/1_xufive
1,,0,0,weixin_44888486,0,2天前,53,false,Python基础第一周,blog,https://blog.csdn.net/weixin_44888486/article/details/102902402,0,102902402,,,其它,2419,在这里插入图片描述一、Python语言家族1Introduction1.1Python简介Python是一个高层次的结合了解释性、编译性、互动性和面向对象的脚本语言。简单来说，Python是一门编程语言，帮助我们更好的与计算机沟通，功能全面、易学易用、可拓展语言，所以说，人生苦短，我学Python。Python的设计具有很强的可读性，相比其他语言经常使用英文关键字，其他语言的...,宇航18611465354,none,u_c_null,在这里插入图片描述一、Python语言家族1Introduction1.1Python简介Python是一个高层次的结合了解释性、编译性、互动性和面向对象的脚本语言。简单来说，Python是一门编程语言，帮助我们更好的与计算机沟通，功能全面、易学易用、可拓展语言，所以说，人生苦短，我学Python。Python的设计具有很强的可读性，相比其他语言经常使用英文关键字，其他语言的...,1573107042,1573107042,https://blog.csdn.net/weixin_44888486,https://profile.csdnimg.cn/1/3/F/1_weixin_44888486
9,,0,0,qq_41379824,0,2天前,9,false,Numpy初学,blog,https://blog.csdn.net/qq_41379824/article/details/102908424,0,102908424,,,其它,314,"Numpy初学一、数据的创建**1.手动创建**importnumpyaspyarr_1=np.array([1,2,3])arr_1一维数组可直接与标量相乘arr_a*3array([3,6,9])**注：**创建数组时，七元素必须有相同的结构，尽量定义为浮点型arr_b=np.array((1,2),dtype=np.float64)arr_...",遇见最好的自己,none,u_c_null,"Numpy初学一、数据的创建**1.手动创建**importnumpyaspyarr_1=np.array([1,2,3])arr_1一维数组可直接与标量相乘arr_a*3array([3,6,9])**注：**创建数组时，七元素必须有相同的结构，尽量定义为浮点型arr_b=np.array((1,2),dtype=np.float64)arr_...",1573107042,1573107042,https://blog.csdn.net/qq_41379824,https://profile.csdnimg.cn/5/8/9/1_qq_41379824
9,,0,0,csdnnews,0,3天前,36,false,Python 十大装 B 语法,blog,https://blog.csdn.net/csdnnews/article/details/102889897,0,102889897,,,其它,3154,作者|许向武责编|郭芮出品|CSDN博客Python是一种代表简单思想的语言，其语法相对简单，很容易上手。不过，如果就此小视Python语法的精妙和深邃，那就大错特错了。本文精心筛选了最能展现Python语法之精妙的十个知识点，并附上详细的实例代码。如能在实战中融会贯通、灵活使用，必将使代码更为精炼、高效，同时也会极大提升代码B格，使之看上去更老练，读...,CSDN资讯,none,u_c_null,作者|许向武责编|郭芮出品|CSDN博客Python是一种代表简单思想的语言，其语法相对简单，很容易上手。不过，如果就此小视Python语法的精妙和深邃，那就大错特错了。本文精心筛选了最能展现Python语法之精妙的十个知识点，并附上详细的实例代码。如能在实战中融会贯通、灵活使用，必将使代码更为精炼、高效，同时也会极大提升代码B格，使之看上去更老练，读...,1573107042,1573107042,https://blog.csdn.net/csdnnews,https://profile.csdnimg.cn/C/3/E/1_csdnnews
2,,0,0,weixin_39737802,0,2天前,5,false,python 身份证实名认证,blog,https://blog.csdn.net/weixin_39737802/article/details/102912988,0,102912988,,,其它,312,一、首先我们选用了阿里云的身份证实名认证接口：https://market.aliyun.com/products/57000002/cmapi022049.html?spm=5176.2020520132.101.2.3fe77218O6ZDdd#sku=yuncode1604900000二、编译并运行源代码importrequestsdefreqeust_yueyuan(nam...,冒牌技术小哥,none,u_c_null,一、首先我们选用了阿里云的身份证实名认证接口：https://market.aliyun.com/products/57000002/cmapi022049.html?spm=5176.2020520132.101.2.3fe77218O6ZDdd#sku=yuncode1604900000二、编译并运行源代码importrequestsdefreqeust_yueyuan(nam...,1573107042,1573107042,https://blog.csdn.net/weixin_39737802,https://profile.csdnimg.cn/3/8/F/1_weixin_39737802
1,,0,0,qq_36291294,0,2天前,4,false,python爬取琳琅社区整站视频（一晚6000部）,blog,https://blog.csdn.net/qq_36291294/article/details/102907624,0,102907624,,,其它,468,琳琅社区（传闻中最受男人喜爱的网站），哼哼，我倒要看看是不是真的该项目用于爬取琳琅社区整站视频（仅供学习）主要使用：python3.7+scrapy2.19+Mysql8.0+win10首先确定需要爬取的内容，定义item：classLinglangItem(scrapy.Item):	#视频属于哪个模块video_belong_module=scrap...,我的眼里只有bug,none,u_c_null,琳琅社区（传闻中最受男人喜爱的网站），哼哼，我倒要看看是不是真的该项目用于爬取琳琅社区整站视频（仅供学习）主要使用：python3.7+scrapy2.19+Mysql8.0+win10首先确定需要爬取的内容，定义item：classLinglangItem(scrapy.Item):	#视频属于哪个模块video_belong_module=scrap...,1573107042,1573107042,https://blog.csdn.net/qq_36291294,https://profile.csdnimg.cn/2/8/0/1_qq_36291294
4,,0,0,weixin_43351999,0,3天前,35,false,HTML基础语法,blog,https://blog.csdn.net/weixin_43351999/article/details/102884344,0,102884344,,,其它,1590,文章目录HTML基本语法HTML基本结构HTML标签HTML元素HTML属性注释DOCTYPE文档类型声明网页编码设置文字和段落标签标题标签段落标签align对齐属性值换行标签水平线修饰标签特殊符号列表标签无序列表type属性值有序列表type属性值定义列表列表标签应用场景图像和超链接标签图像标签img属性路径选择alt属性超链接标签属性锚链接定义锚（同一页面）锚链接使用定义锚（不同页面）邮件链接...,彼岸的灵魂,none,u_c_null,文章目录HTML基本语法HTML基本结构HTML标签HTML元素HTML属性注释DOCTYPE文档类型声明网页编码设置文字和段落标签标题标签段落标签align对齐属性值换行标签水平线修饰标签特殊符号列表标签无序列表type属性值有序列表type属性值定义列表列表标签应用场景图像和超链接标签图像标签img属性路径选择alt属性超链接标签属性锚链接定义锚（同一页面）锚链接使用定义锚（不同页面）邮件链接...,1573107042,1573107042,https://blog.csdn.net/weixin_43351999,https://profile.csdnimg.cn/C/6/E/1_weixin_43351999
84,,0,0,weixin_43252237,0,5天前,95,false,怎样用Python讨您的女朋友欢心（附源码）,blog,https://blog.csdn.net/weixin_43252237/article/details/102859739,0,102859739,,,其它,4567,送给有女朋友的童鞋们，你们过得怎么样？给女朋友送礼物纠结吗？哈哈哈，今天写一篇文章教你每天给她暖心的问候！本来是打算通过微信发问候的，但是好像微信的网页接口停止使用了，itchat模块无法使用，所以智能用邮件代替了。API的合作干活不累天气API你可关于获取天气，我们已经学过了，今天就直接复制，然后稍作修改每日一句这个接口是金山词霸提供的接口，不仅可以听一首音乐...,MilFun,none,u_c_null,送给有女朋友的童鞋们，你们过得怎么样？给女朋友送礼物纠结吗？哈哈哈，今天写一篇文章教你每天给她暖心的问候！本来是打算通过微信发问候的，但是好像微信的网页接口停止使用了，itchat模块无法使用，所以智能用邮件代替了。API的合作干活不累天气API你可关于获取天气，我们已经学过了，今天就直接复制，然后稍作修改每日一句这个接口是金山词霸提供的接口，不仅可以听一首音乐...,1573107042,1573107042,https://blog.csdn.net/weixin_43252237,https://profile.csdnimg.cn/9/8/3/1_weixin_43252237
0,,0,0,fxflyflyfly,0,2天前,4,true,十分钟搞定pandas,blog,https://blog.csdn.net/fxflyflyfly/article/details/102912375,0,102912375,,,其它,197,"文章目录1.创建对象2.查看数据3.数据选择器读取：选择单列,这会产生一个序列,等价df.A使用[]选择行片断使用标签选择使用标签获取横截面使用标签选择多轴显示标签切片,包含两个端点降低返回对象维度获取标量值快速访问并获取标量数据(等价上面的方法)按位置选择传递整数选择位置使用整数片断,效果类似numpy/python使用整数偏移定位列表,效果类似numpy/python样式显式行切片...",fxflyflyfly,none,u_c_null,"文章目录1.创建对象2.查看数据3.数据选择器读取：选择单列,这会产生一个序列,等价df.A使用[]选择行片断使用标签选择使用标签获取横截面使用标签选择多轴显示标签切片,包含两个端点降低返回对象维度获取标量值快速访问并获取标量数据(等价上面的方法)按位置选择传递整数选择位置使用整数片断,效果类似numpy/python使用整数偏移定位列表,效果类似numpy/python样式显式行切片...",1573107042,1573107042,https://blog.csdn.net/fxflyflyfly,https://profile.csdnimg.cn/6/B/9/1_fxflyflyfly
1,,0,0,qq_43487391,0,23小时前,3,false,利用神经网络对图像分类（对29种不同云层图像分类-pytorch）,blog,https://blog.csdn.net/qq_43487391/article/details/102933578,0,102933578,,,其它,61,一、训练集参加了一个气象比赛，记录一下训练过程数据集是在比赛官网上下载的；点这里说明一下，数据集大部分应该是比赛主办方在网上爬的，所以下载不了数据集也没关系，自己写个爬虫程序下载一下一样的。二、训练过程我用的是pytorch框架写的，主要是用了个残差网络进行训练，具体代码如下：#-*-encoding:utf-8-*-importtorchimportosfromt...,无悔丶,none,u_c_null,一、训练集参加了一个气象比赛，记录一下训练过程数据集是在比赛官网上下载的；点这里说明一下，数据集大部分应该是比赛主办方在网上爬的，所以下载不了数据集也没关系，自己写个爬虫程序下载一下一样的。二、训练过程我用的是pytorch框架写的，主要是用了个残差网络进行训练，具体代码如下：#-*-encoding:utf-8-*-importtorchimportosfromt...,1573107042,1573107042,https://blog.csdn.net/qq_43487391,https://profile.csdnimg.cn/6/6/5/1_qq_43487391
0,,0,0,kMD8d5R,0,07月23日,1,false,来尝个鲜，Python3.8几大新功能体验，冲鸭！,blog,https://blog.csdn.net/kMD8d5R/article/details/97066890,0,97066890,,,其它,8250,作者|小刘来源|菜鸟学Python继3.7版本之后Python再次发布了新版本，虽然新版本带来了不少调整，但是其中很大一部分都是对代码底层设计的修改，又或是typ...,R语言中文社区,none,u_c_null,作者|小刘来源|菜鸟学Python继3.7版本之后Python再次发布了新版本，虽然新版本带来了不少调整，但是其中很大一部分都是对代码底层设计的修改，又或是typ...,1573107043,1573107043,https://blog.csdn.net/kMD8d5R,https://profile.csdnimg.cn/1/E/3/1_kmd8d5r
4,,0,0,csdnnews,0,07月23日,18,false,咱们从头到尾说一次 Java 垃圾回收,blog,https://blog.csdn.net/csdnnews/article/details/97065881,0,97065881,,,其它,10133,作者|率鸽责编|胡雪蕊之前上学的时候有这个一个梗，说在食堂里吃饭，吃完把餐盘端走清理的，是C++程序员，吃完直接就走的，是Java程序员。,CSDN资讯,none,u_c_null,作者|率鸽责编|胡雪蕊之前上学的时候有这个一个梗，说在食堂里吃饭，吃完把餐盘端走清理的，是C++程序员，吃完直接就走的，是Java程序员。,1573107043,1573107043,https://blog.csdn.net/csdnnews,https://profile.csdnimg.cn/C/3/E/1_csdnnews
0,,0,0,sergiojune,0,07月22日,1,false,如何让你写的爬虫速度像坐火箭一样快【并发请求】,blog,https://blog.csdn.net/sergiojune/article/details/96933619,0,96933619,,,其它,7986,话不多说，我们正式开始。在提升爬虫的速度这方面，最基础、最有效、最直接的操作是什么呢？没错，就是并发请求，如果你的爬虫整个逻辑是顺序执行的，请求的时候永远不会并发，那么你...,sergiojune,none,u_c_null,话不多说，我们正式开始。在提升爬虫的速度这方面，最基础、最有效、最直接的操作是什么呢？没错，就是并发请求，如果你的爬虫整个逻辑是顺序执行的，请求的时候永远不会并发，那么你...,1573107043,1573107043,https://blog.csdn.net/sergiojune,https://profile.csdnimg.cn/C/0/7/1_sergiojune
0,,0,0,houjiyu243042162,0,07月06日,0,false,【全栈之路】JAVA基础课程十_JAVA虚拟机（20190706v1.1）,blog,https://blog.csdn.net/houjiyu243042162/article/details/94874926,0,94874926,,,其它,7971,欢迎进入JAVA基础课程博客地址：https://segmentfault.com/a/1190000019684527本系列文章将主要针对JAVA一些基础知识点进行讲解，为平时归纳所总结，不管是刚接触JAVA开发菜鸟还是业界资深人士，都希望对广大同行带来一些帮助。若有问题请及时留言或加QQ：243042162。寄语：生活之中会有很多机遇，也许你自认为错失了一次最美的机遇，但不知不觉中新...,归雀楼,none,u_c_null,欢迎进入JAVA基础课程博客地址：https://segmentfault.com/a/1190000019684527本系列文章将主要针对JAVA一些基础知识点进行讲解，为平时归纳所总结，不管是刚接触JAVA开发菜鸟还是业界资深人士，都希望对广大同行带来一些帮助。若有问题请及时留言或加QQ：243042162。寄语：生活之中会有很多机遇，也许你自认为错失了一次最美的机遇，但不知不觉中新...,1573107043,1573107043,https://blog.csdn.net/houjiyu243042162,https://profile.csdnimg.cn/A/0/9/1_houjiyu243042162
0,,0,0,lll_90,0,07月06日,0,false,循环与分支&mdash;&mdash;python,blog,https://blog.csdn.net/lll_90/article/details/94874513,0,94874513,,,其它,7825,程序设计中，最能发挥计算机特长的结构：循环结构需要重复进行某种运算，并且运算对象有规律变化的情况，使用循环结构python中不支持直到型循环结构...,lll_90,none,u_c_null,程序设计中，最能发挥计算机特长的结构：循环结构需要重复进行某种运算，并且运算对象有规律变化的情况，使用循环结构python中不支持直到型循环结构...,1573107043,1573107043,https://blog.csdn.net/lll_90,https://profile.csdnimg.cn/1/4/E/1_lll_90
0,,0,0,tiantao2012,0,07月06日,0,false,zircon的两种调度理解,blog,https://blog.csdn.net/tiantao2012/article/details/94874441,0,94874441,,,其它,7840,zircon实现两种调度机制，一种就是fair其实现在fair_scheduler.cpp中，一种是基于时间片的其实现在sched.cpp中，调度器的入口都在sche_reschedule()这个函数中。例如fair的实现如下：voidsched_reschedule(){FairScheduler::Reschedule();}fair的实现是一个cpp的类。另一...,tiantao2012,none,u_c_null,zircon实现两种调度机制，一种就是fair其实现在fair_scheduler.cpp中，一种是基于时间片的其实现在sched.cpp中，调度器的入口都在sche_reschedule()这个函数中。例如fair的实现如下：voidsched_reschedule(){FairScheduler::Reschedule();}fair的实现是一个cpp的类。另一...,1573107043,1573107043,https://blog.csdn.net/tiantao2012,https://profile.csdnimg.cn/E/5/8/1_tiantao2012
0,,0,0,qq_34291570,0,07月06日,0,false,Timer定时器用法详解,blog,https://blog.csdn.net/qq_34291570/article/details/94874074,0,94874074,,,其它,7961,"先看API和结论：/**timer总结：Timertimer=newTimer();//其中会调用this(""Timer-""+serialNumber());,即它以Timer+序列号为该定时器的名字Timertimer=newTimer(Stringname);//以name作为该定时器的名字Timertime...",Japathy,none,u_c_null,"先看API和结论：/**timer总结：Timertimer=newTimer();//其中会调用this(&quot;Timer-&quot;+serialNumber());,即它以Timer+序列号为该定时器的名字Timertimer=newTimer(Stringname);//以name作为该定时器的名字Timertime...",1573107043,1573107043,https://blog.csdn.net/qq_34291570,https://profile.csdnimg.cn/1/C/F/1_qq_34291570
1,,0,0,qq_25605637,0,07月06日,3,false,北京车和家java开发工程师面试题总结,blog,https://blog.csdn.net/qq_25605637/article/details/94873604,0,94873604,,,其它,7937,"题目描述：笔试题:CSV文件处理给定一个CSV文件，其内容的展现规则如下：-每一行数据包含多个字段，字段间以[,]分割。-如果字段值不含有[,]和[""]，直接解析输出。-如果字段值内部含有逗号[,]，在在字段值两边加上双引号[""]将字段值括起来。-如果字段值内部含有双引号[""]，则字段值两边加上双引号[""]括起来，同时，将字段值...",_天道酬勤_不忘初心,none,u_c_null,"题目描述：笔试题:CSV文件处理给定一个CSV文件，其内容的展现规则如下：-每一行数据包含多个字段，字段间以[,]分割。-如果字段值不含有[,]和[&quot;]，直接解析输出。-如果字段值内部含有逗号[,]，在在字段值两边加上双引号[&quot;]将字段值括起来。-如果字段值内部含有双引号[&quot;]，则字段值两边加上双引号[&quot;]括起来，同时，将字段值...",1573107043,1573107043,https://blog.csdn.net/qq_25605637,https://profile.csdnimg.cn/6/8/E/1_qq_25605637
0,,0,0,AMimiDou_212,0,07月06日,2,false,Golang 之区分类型别名与类型定义,blog,https://blog.csdn.net/AMimiDou_212/article/details/94873163,0,94873163,,,其它,7998,Golang之区分类型别名（TypeAlias）与类型定义（Typedefine）一、类型别名（TypeAlias）、类型定义是什么？二、区分类型别名与类型定义类型定义类型别名类型定义区分类型别名、类型定义非本地类型不能定义方法一、类型别名（TypeAlias）、类型定义是什么？类型别名是Go1.9版本添加的新功能。主要应用于代码升级、工程重构、迁移中类型...,学习是一种能力,none,u_c_null,Golang之区分类型别名（TypeAlias）与类型定义（Typedefine）一、类型别名（TypeAlias）、类型定义是什么？二、区分类型别名与类型定义类型定义类型别名类型定义区分类型别名、类型定义非本地类型不能定义方法一、类型别名（TypeAlias）、类型定义是什么？类型别名是Go1.9版本添加的新功能。主要应用于代码升级、工程重构、迁移中类型...,1573107043,1573107043,https://blog.csdn.net/AMimiDou_212,https://profile.csdnimg.cn/A/A/0/1_amimidou_212
0,,0,0,EngineerHe,0,07月06日,3,false,Leetcode344--翻转字符串,blog,https://blog.csdn.net/EngineerHe/article/details/94873086,0,94873086,,,其它,7778,Leetcode344：翻转字符串编程语言：python文章目录Leetcode344--翻转字符串题目描述解题思路Leetcode344–翻转字符串Leetcode344：翻转字符串编程语言：python题目描述原题链接：https://leetcode-cn.com/problems/reverse-string/（中文）     https://leetcode.com/...,黑暗主宰,none,u_c_null,Leetcode344：翻转字符串编程语言：python文章目录Leetcode344--翻转字符串题目描述解题思路Leetcode344&ndash;翻转字符串Leetcode344：翻转字符串编程语言：python题目描述原题链接：https://leetcode-cn.com/problems/reverse-string/（中文）&emsp;&emsp;&emsp;&emsp;&emsp;https://leetcode.com/...,1573107043,1573107043,https://blog.csdn.net/EngineerHe,https://profile.csdnimg.cn/B/7/B/1_engineerhe
0,,0,0,kMD8d5R,0,07月23日,1,false,来尝个鲜，Python3.8几大新功能体验，冲鸭！,blog,https://blog.csdn.net/kMD8d5R/article/details/97066890,0,97066890,,,其它,8250,作者|小刘来源|菜鸟学Python继3.7版本之后Python再次发布了新版本，虽然新版本带来了不少调整，但是其中很大一部分都是对代码底层设计的修改，又或是typ...,R语言中文社区,none,u_c_null,作者|小刘来源|菜鸟学Python继3.7版本之后Python再次发布了新版本，虽然新版本带来了不少调整，但是其中很大一部分都是对代码底层设计的修改，又或是typ...,1573107045,1573107045,https://blog.csdn.net/kMD8d5R,https://profile.csdnimg.cn/1/E/3/1_kmd8d5r
4,,0,0,csdnnews,0,07月23日,18,false,咱们从头到尾说一次 Java 垃圾回收,blog,https://blog.csdn.net/csdnnews/article/details/97065881,0,97065881,,,其它,10133,作者|率鸽责编|胡雪蕊之前上学的时候有这个一个梗，说在食堂里吃饭，吃完把餐盘端走清理的，是C++程序员，吃完直接就走的，是Java程序员。,CSDN资讯,none,u_c_null,作者|率鸽责编|胡雪蕊之前上学的时候有这个一个梗，说在食堂里吃饭，吃完把餐盘端走清理的，是C++程序员，吃完直接就走的，是Java程序员。,1573107045,1573107045,https://blog.csdn.net/csdnnews,https://profile.csdnimg.cn/C/3/E/1_csdnnews
0,,0,0,sergiojune,0,07月22日,1,false,如何让你写的爬虫速度像坐火箭一样快【并发请求】,blog,https://blog.csdn.net/sergiojune/article/details/96933619,0,96933619,,,其它,7986,话不多说，我们正式开始。在提升爬虫的速度这方面，最基础、最有效、最直接的操作是什么呢？没错，就是并发请求，如果你的爬虫整个逻辑是顺序执行的，请求的时候永远不会并发，那么你...,sergiojune,none,u_c_null,话不多说，我们正式开始。在提升爬虫的速度这方面，最基础、最有效、最直接的操作是什么呢？没错，就是并发请求，如果你的爬虫整个逻辑是顺序执行的，请求的时候永远不会并发，那么你...,1573107045,1573107045,https://blog.csdn.net/sergiojune,https://profile.csdnimg.cn/C/0/7/1_sergiojune
0,,0,0,houjiyu243042162,0,07月06日,0,false,【全栈之路】JAVA基础课程十_JAVA虚拟机（20190706v1.1）,blog,https://blog.csdn.net/houjiyu243042162/article/details/94874926,0,94874926,,,其它,7971,欢迎进入JAVA基础课程博客地址：https://segmentfault.com/a/1190000019684527本系列文章将主要针对JAVA一些基础知识点进行讲解，为平时归纳所总结，不管是刚接触JAVA开发菜鸟还是业界资深人士，都希望对广大同行带来一些帮助。若有问题请及时留言或加QQ：243042162。寄语：生活之中会有很多机遇，也许你自认为错失了一次最美的机遇，但不知不觉中新...,归雀楼,none,u_c_null,欢迎进入JAVA基础课程博客地址：https://segmentfault.com/a/1190000019684527本系列文章将主要针对JAVA一些基础知识点进行讲解，为平时归纳所总结，不管是刚接触JAVA开发菜鸟还是业界资深人士，都希望对广大同行带来一些帮助。若有问题请及时留言或加QQ：243042162。寄语：生活之中会有很多机遇，也许你自认为错失了一次最美的机遇，但不知不觉中新...,1573107045,1573107045,https://blog.csdn.net/houjiyu243042162,https://profile.csdnimg.cn/A/0/9/1_houjiyu243042162
0,,0,0,lll_90,0,07月06日,0,false,循环与分支&mdash;&mdash;python,blog,https://blog.csdn.net/lll_90/article/details/94874513,0,94874513,,,其它,7825,程序设计中，最能发挥计算机特长的结构：循环结构需要重复进行某种运算，并且运算对象有规律变化的情况，使用循环结构python中不支持直到型循环结构...,lll_90,none,u_c_null,程序设计中，最能发挥计算机特长的结构：循环结构需要重复进行某种运算，并且运算对象有规律变化的情况，使用循环结构python中不支持直到型循环结构...,1573107045,1573107045,https://blog.csdn.net/lll_90,https://profile.csdnimg.cn/1/4/E/1_lll_90
0,,0,0,tiantao2012,0,07月06日,0,false,zircon的两种调度理解,blog,https://blog.csdn.net/tiantao2012/article/details/94874441,0,94874441,,,其它,7840,zircon实现两种调度机制，一种就是fair其实现在fair_scheduler.cpp中，一种是基于时间片的其实现在sched.cpp中，调度器的入口都在sche_reschedule()这个函数中。例如fair的实现如下：voidsched_reschedule(){FairScheduler::Reschedule();}fair的实现是一个cpp的类。另一...,tiantao2012,none,u_c_null,zircon实现两种调度机制，一种就是fair其实现在fair_scheduler.cpp中，一种是基于时间片的其实现在sched.cpp中，调度器的入口都在sche_reschedule()这个函数中。例如fair的实现如下：voidsched_reschedule(){FairScheduler::Reschedule();}fair的实现是一个cpp的类。另一...,1573107045,1573107045,https://blog.csdn.net/tiantao2012,https://profile.csdnimg.cn/E/5/8/1_tiantao2012
0,,0,0,qq_34291570,0,07月06日,0,false,Timer定时器用法详解,blog,https://blog.csdn.net/qq_34291570/article/details/94874074,0,94874074,,,其它,7961,"先看API和结论：/**timer总结：Timertimer=newTimer();//其中会调用this(""Timer-""+serialNumber());,即它以Timer+序列号为该定时器的名字Timertimer=newTimer(Stringname);//以name作为该定时器的名字Timertime...",Japathy,none,u_c_null,"先看API和结论：/**timer总结：Timertimer=newTimer();//其中会调用this(&quot;Timer-&quot;+serialNumber());,即它以Timer+序列号为该定时器的名字Timertimer=newTimer(Stringname);//以name作为该定时器的名字Timertime...",1573107045,1573107045,https://blog.csdn.net/qq_34291570,https://profile.csdnimg.cn/1/C/F/1_qq_34291570
1,,0,0,qq_25605637,0,07月06日,3,false,北京车和家java开发工程师面试题总结,blog,https://blog.csdn.net/qq_25605637/article/details/94873604,0,94873604,,,其它,7937,"题目描述：笔试题:CSV文件处理给定一个CSV文件，其内容的展现规则如下：-每一行数据包含多个字段，字段间以[,]分割。-如果字段值不含有[,]和[""]，直接解析输出。-如果字段值内部含有逗号[,]，在在字段值两边加上双引号[""]将字段值括起来。-如果字段值内部含有双引号[""]，则字段值两边加上双引号[""]括起来，同时，将字段值...",_天道酬勤_不忘初心,none,u_c_null,"题目描述：笔试题:CSV文件处理给定一个CSV文件，其内容的展现规则如下：-每一行数据包含多个字段，字段间以[,]分割。-如果字段值不含有[,]和[&quot;]，直接解析输出。-如果字段值内部含有逗号[,]，在在字段值两边加上双引号[&quot;]将字段值括起来。-如果字段值内部含有双引号[&quot;]，则字段值两边加上双引号[&quot;]括起来，同时，将字段值...",1573107045,1573107045,https://blog.csdn.net/qq_25605637,https://profile.csdnimg.cn/6/8/E/1_qq_25605637
0,,0,0,AMimiDou_212,0,07月06日,2,false,Golang 之区分类型别名与类型定义,blog,https://blog.csdn.net/AMimiDou_212/article/details/94873163,0,94873163,,,其它,7998,Golang之区分类型别名（TypeAlias）与类型定义（Typedefine）一、类型别名（TypeAlias）、类型定义是什么？二、区分类型别名与类型定义类型定义类型别名类型定义区分类型别名、类型定义非本地类型不能定义方法一、类型别名（TypeAlias）、类型定义是什么？类型别名是Go1.9版本添加的新功能。主要应用于代码升级、工程重构、迁移中类型...,学习是一种能力,none,u_c_null,Golang之区分类型别名（TypeAlias）与类型定义（Typedefine）一、类型别名（TypeAlias）、类型定义是什么？二、区分类型别名与类型定义类型定义类型别名类型定义区分类型别名、类型定义非本地类型不能定义方法一、类型别名（TypeAlias）、类型定义是什么？类型别名是Go1.9版本添加的新功能。主要应用于代码升级、工程重构、迁移中类型...,1573107045,1573107045,https://blog.csdn.net/AMimiDou_212,https://profile.csdnimg.cn/A/A/0/1_amimidou_212
0,,0,0,EngineerHe,0,07月06日,3,false,Leetcode344--翻转字符串,blog,https://blog.csdn.net/EngineerHe/article/details/94873086,0,94873086,,,其它,7778,Leetcode344：翻转字符串编程语言：python文章目录Leetcode344--翻转字符串题目描述解题思路Leetcode344–翻转字符串Leetcode344：翻转字符串编程语言：python题目描述原题链接：https://leetcode-cn.com/problems/reverse-string/（中文）     https://leetcode.com/...,黑暗主宰,none,u_c_null,Leetcode344：翻转字符串编程语言：python文章目录Leetcode344--翻转字符串题目描述解题思路Leetcode344&ndash;翻转字符串Leetcode344：翻转字符串编程语言：python题目描述原题链接：https://leetcode-cn.com/problems/reverse-string/（中文）&emsp;&emsp;&emsp;&emsp;&emsp;https://leetcode.com/...,1573107045,1573107045,https://blog.csdn.net/EngineerHe,https://profile.csdnimg.cn/B/7/B/1_engineerhe
0,,0,0,u013771019,0,1天前,0,false,docker创建镜像，常见报错,blog,https://blog.csdn.net/u013771019/article/details/102915839,0,102915839,,,其它,512,1.Error:Cannotfindavalidbaseurlforrepo:base参考：https://www.jianshu.com/p/8c3f0004e06ahttps://blog.csdn.net/liu251890347/article/details/41281263但是要把Fromcentos注释掉，否则相当于新起了一个环境，前面不在起作用...,ustbxyls,none,u_c_null,1.Error:Cannotfindavalidbaseurlforrepo:base参考：https://www.jianshu.com/p/8c3f0004e06ahttps://blog.csdn.net/liu251890347/article/details/41281263但是要把Fromcentos注释掉，否则相当于新起了一个环境，前面不在起作用...,1573107046,1573107046,https://blog.csdn.net/u013771019,https://profile.csdnimg.cn/0/7/7/1_u013771019
0,,0,0,lxpqxl,0,1天前,10,false,Linux常用的重要目录,blog,https://blog.csdn.net/lxpqxl/article/details/102920517,0,102920517,,,其它,251,"etc:全局配置文件存放目录。系统和程序一般都可以通过修改相应的配置文件来进行配置。mnt：临时挂载储存设备的挂载点mnt/media（mnt/cdrom）：系统默认光盘默认挂载点，通常光盘挂载于mnt/cdrom下tmp:一般用户或正在执行的程序临时存放文件的目录即临时文件,任何人都可以访问...",lxpqxl,none,u_c_null,"etc:全局配置文件存放目录。系统和程序一般都可以通过修改相应的配置文件来进行配置。mnt：临时挂载储存设备的挂载点mnt/media（mnt/cdrom）：系统默认光盘默认挂载点，通常光盘挂载于mnt/cdrom下tmp:一般用户或正在执行的程序临时存放文件的目录即临时文件,任何人都可以访问...",1573107046,1573107046,https://blog.csdn.net/lxpqxl,https://profile.csdnimg.cn/F/9/2/1_lxpqxl
6,,0,0,shihengzhen101,0,20小时前,3,false,linux环境下常用的打包、压缩、解压命令（tar、gzip、bzip2、zip）,blog,https://blog.csdn.net/shihengzhen101/article/details/102938754,0,102938754,,,其它,85,经常使用电脑的人常常会接触到压缩文件，不管是软件、数据还是资料，下载之后通常就是一个压缩包，在Windows平台上如果安装了WinRAR或者360压缩，不管是什么格式的压缩文件，一般点击压缩文件右键选择解压选项即可，非常地方便。正因为长时间在Windows平台上方便的解压文件，导致我对打包、压缩的概念理解错误，结果在linux操作压缩文件时有很多疑问，今天终于明白了一点，专门总结一下，同时列举常用的压缩、解压命令，方便日后查找使用...,AlbertS,none,u_c_null,经常使用电脑的人常常会接触到压缩文件，不管是软件、数据还是资料，下载之后通常就是一个压缩包，在Windows平台上如果安装了WinRAR或者360压缩，不管是什么格式的压缩文件，一般点击压缩文件右键选择解压选项即可，非常地方便。正因为长时间在Windows平台上方便的解压文件，导致我对打包、压缩的概念理解错误，结果在linux操作压缩文件时有很多疑问，今天终于明白了一点，专门总结一下，同时列举常用的压缩、解压命令，方便日后查找使用...,1573107046,1573107046,https://blog.csdn.net/shihengzhen101,https://profile.csdnimg.cn/0/C/3/1_shihengzhen101
0,,0,0,r1141207831,0,17小时前,3,false,Ubuntu16.04 双击启动sh程序以及开机自启sh程序(以启动基于ROS的rviz程序为例),blog,https://blog.csdn.net/r1141207831/article/details/102941613,0,102941613,,,其它,39,申明：由于项目需要，特地查找双击启动程序以及开机自启功能，但由于使用第三方库结果都以失败告终，在自己摸索之后，终于实现了想要的功能，以下是本人亲自走过的流程，现在分享出来一起学习与交流！程序运行所需环境：运行系统：Ubuntu16.04运行环境：ROSKinetic程序语言：Ubuntu1604自带的Python2.7以及sh脚本文件双击启动程序一、在桌面上新建一个Aut...,华青水上,none,u_c_null,申明：由于项目需要，特地查找双击启动程序以及开机自启功能，但由于使用第三方库结果都以失败告终，在自己摸索之后，终于实现了想要的功能，以下是本人亲自走过的流程，现在分享出来一起学习与交流！程序运行所需环境：运行系统：Ubuntu16.04运行环境：ROSKinetic程序语言：Ubuntu1604自带的Python2.7以及sh脚本文件双击启动程序一、在桌面上新建一个Aut...,1573107046,1573107046,https://blog.csdn.net/r1141207831,https://profile.csdnimg.cn/7/F/0/1_r1141207831
0,,0,0,qq_31122833,0,2天前,2,false,Linux之CentOS7开启MySQL8主从备份、每日定时全量备份,blog,https://blog.csdn.net/qq_31122833/article/details/102910054,0,102910054,,,其它,106,备注1：解决连接MySQL数据库很慢的问题vim/etc/my.cnf添加内容：skip-name-resolve，重启数据库。备注2：(密码带!或其他特殊符合，前面加\，例如123!321--&gt;123\!321)1、主从备份主数据库：vim/etc/my.cnf[mysqld]下添加内容：server-id=1log-bin=mysql-binre...,小达哥的垃圾桶,none,u_c_null,备注1：解决连接MySQL数据库很慢的问题vim/etc/my.cnf添加内容：skip-name-resolve，重启数据库。备注2：(密码带!或其他特殊符合，前面加\，例如123!321--&amp;gt;123\!321)1、主从备份主数据库：vim/etc/my.cnf[mysqld]下添加内容：server-id=1log-bin=mysql-binre...,1573107046,1573107046,https://blog.csdn.net/qq_31122833,https://profile.csdnimg.cn/1/E/1/1_qq_31122833
1,,0,0,qq_44821149,0,1天前,2,false,我的Linux笔记（二）,blog,https://blog.csdn.net/qq_44821149/article/details/102927008,0,102927008,,,其它,33,31.快捷键ctl+d：退出Ctrl+c：中断命令tabtab补全命令或文件32.adb工具控制安卓33.dpkg-l显示所以包34.你需要学习求学习各种操作命令，比如：文件处理命令：file、mkdir、grep、dd、find、mv、ls、diff、cat、ln系统管理相关命令：df、top、free、quota、at、lp、adduser、g...,ylibba,none,u_c_null,31.快捷键ctl+d：退出Ctrl+c：中断命令tabtab补全命令或文件32.adb工具控制安卓33.dpkg-l显示所以包34.你需要学习求学习各种操作命令，比如：文件处理命令：file、mkdir、grep、dd、find、mv、ls、diff、cat、ln系统管理相关命令：df、top、free、quota、at、lp、adduser、g...,1573107046,1573107046,https://blog.csdn.net/qq_44821149,https://profile.csdnimg.cn/C/D/0/1_qq_44821149
1,,0,0,qq_42761527,0,1天前,2,false,Linux之间传送文件，Linux-windows之间传送文件的几种方式,blog,https://blog.csdn.net/qq_42761527/article/details/102912847,0,102912847,,,其它,31,目录一.使用lrzsz工具（适合传送单个文件，不能传送文件夹）二.使用scp命令（可以传送文件夹，但是要开启ssh服务）三.使用smb工具传输文件或文件夹一.使用lrzsz工具（适合传送单个文件，不能传送文件夹）检查有没有lrzsz工具[root@localhost~]#rpm-qlrzszlrzsz-0.12.20-36.el7.x86_64[root@loc...,Mr.aaa,none,u_c_null,目录一.使用lrzsz工具（适合传送单个文件，不能传送文件夹）二.使用scp命令（可以传送文件夹，但是要开启ssh服务）三.使用smb工具传输文件或文件夹一.使用lrzsz工具（适合传送单个文件，不能传送文件夹）检查有没有lrzsz工具[root@localhost~]#rpm-qlrzszlrzsz-0.12.20-36.el7.x86_64[root@loc...,1573107046,1573107046,https://blog.csdn.net/qq_42761527,https://profile.csdnimg.cn/F/B/2/1_qq_42761527
3,,0,0,qq_40036754,0,10月25日,27,false,nginx学习，看这一篇就够了：下载、安装。使用：正向代理、反向代理、负载均衡。常用命令和配置文件,blog,https://blog.csdn.net/qq_40036754/article/details/102463099,0,102463099,,,其它,1111,文章目录前言一、nginx简介1.什么是nginx和可以做什么事情2.Nginx作为web服务器3.正向代理4.反向代理5.动静分离6.动静分离二、Nginx的安装三、Nginx的常用命令和配置文件四、Nginx配置实例1反向代理五、Nginx配置实例2负载均衡六、Nginx配置实例3动静分离七、Nginx的高可用集群前言一、nginx简介...,冯insist,none,u_c_null,文章目录前言一、nginx简介1.什么是nginx和可以做什么事情2.Nginx作为web服务器3.正向代理4.反向代理5.动静分离6.动静分离二、Nginx的安装三、Nginx的常用命令和配置文件四、Nginx配置实例1反向代理五、Nginx配置实例2负载均衡六、Nginx配置实例3动静分离七、Nginx的高可用集群前言一、nginx简介...,1573107046,1573107046,https://blog.csdn.net/qq_40036754,https://profile.csdnimg.cn/C/4/8/1_qq_40036754
14,,0,0,Dakshesh,0,10月16日,64,false,linux：最常见的linux命令（centOS 7.6）,blog,https://blog.csdn.net/Dakshesh/article/details/102588364,0,102588364,,,其它,5402,最常见，最频繁使用的20个基础命令如下：皮一下，这都是干货偶，大佬轻喷一、linux关机命令：1.shutdown命令安全地将系统关机（推荐）参数说明:[-r]重启计算器。[-h]关机后关闭电源〔halt〕。[-c]cancelcurrentprocess取消目前正在执行的关机程序。[-time]设定关机〔shutdown〕前的时间。shutdown-hnow...,想要生活就要努力活着,none,u_c_null,最常见，最频繁使用的20个基础命令如下：皮一下，这都是干货偶，大佬轻喷一、linux关机命令：1.shutdown命令安全地将系统关机（推荐）参数说明:[-r]重启计算器。[-h]关机后关闭电源〔halt〕。[-c]cancelcurrentprocess取消目前正在执行的关机程序。[-time]设定关机〔shutdown〕前的时间。shutdown-hnow...,1573107046,1573107046,https://blog.csdn.net/Dakshesh,https://profile.csdnimg.cn/C/6/1/1_dakshesh
0,,0,0,qq_38738510,0,23小时前,2,false,CentOS7的常用指令,blog,https://blog.csdn.net/qq_38738510/article/details/102859992,0,102859992,,,其它,25,1.目录操作命令解释示例pwd显示工作路径cd家目录cd…返回上一级cd-返回上次所在目录ls查看目录中的文件ls-a显示隐藏文件ls-l（ll）显示详细信息ls-t查看数据信息按照时间排序ls-r查看数据信息反向排序mkdir创建‘dir1’目录mkdir...,simon-_-,none,u_c_null,1.目录操作命令解释示例pwd显示工作路径cd家目录cd&hellip;返回上一级cd-返回上次所在目录ls查看目录中的文件ls-a显示隐藏文件ls-l（ll）显示详细信息ls-t查看数据信息按照时间排序ls-r查看数据信息反向排序mkdir创建&lsquo;dir1&rsquo;目录mkdir...,1573107046,1573107046,https://blog.csdn.net/qq_38738510,https://profile.csdnimg.cn/4/D/3/1_qq_38738510
0,,0,0,C20190102,0,1天前,6,false,浅谈WQS二分、带权二分、凸优化与一类斜率优化DP,blog,https://blog.csdn.net/C20190102/article/details/102911433,0,102911433,,,其它,42,"幕天题意一个简单的转化二维DP朴素斜率优化带权二分我们先看一道简单题题意分析代码进入正题题目回顾分析加权权与段数的关系单调性两个问题DP朴素DP斜率优化就题论题的分析方法一个普适的结论代码后记除最后一张普适公式外，文中所有图像和公式均为原创，转载请附出处谢谢！！！题意[BZOJ4518]Sdoi2016征途求nnn个数a1,a2,⋯ ,ana_1,a_2,\cdots,a_na1​,...",.Iktsuarpok.,none,u_c_null,"幕天题意一个简单的转化二维DP朴素斜率优化带权二分我们先看一道简单题题意分析代码进入正题题目回顾分析加权权与段数的关系单调性两个问题DP朴素DP斜率优化就题论题的分析方法一个普适的结论代码后记除最后一张普适公式外，文中所有图像和公式均为原创，转载请附出处谢谢！！！题意[BZOJ4518]Sdoi2016征途求nnn个数a1,a2,⋯&thinsp;,ana_1,a_2,\cdots,a_na1​,...",1573107048,1573107048,https://blog.csdn.net/C20190102,https://profile.csdnimg.cn/6/5/5/1_c20190102
1,,0,0,weixin_43107113,0,22小时前,3,false,jmeter组件之JSON Path Extractor（Jason路径提取器）,blog,https://blog.csdn.net/weixin_43107113/article/details/102936469,0,102936469,,,其它,23,有个小游戏礼包测试，开始游戏接口会返回当前场次所有礼包ID（一个Jason串），用户每次点击礼包，前端会随机调用打开礼包接口携带礼包ID为了自动化测试，则必须要解析开始游戏接口返回所有礼包ID，在打开礼包接口中引用此时可以使用JSONPathExtractor1、安装JsonPathExtractor插件，用JSONPathExtractorExample.jmx（在官网下...,跑跑在跑,none,u_c_null,有个小游戏礼包测试，开始游戏接口会返回当前场次所有礼包ID（一个Jason串），用户每次点击礼包，前端会随机调用打开礼包接口携带礼包ID为了自动化测试，则必须要解析开始游戏接口返回所有礼包ID，在打开礼包接口中引用此时可以使用JSONPathExtractor1、安装JsonPathExtractor插件，用JSONPathExtractorExample.jmx（在官网下...,1573107048,1573107048,https://blog.csdn.net/weixin_43107113,https://profile.csdnimg.cn/F/4/0/1_weixin_43107113
94,,0,0,m0_37907797,0,10月21日,1318,false,程序员必须掌握的核心算法有哪些？,blog,https://blog.csdn.net/m0_37907797/article/details/102661778,0,102661778,,,其它,57017,由于我之前一直强调数据结构以及算法学习的重要性，所以就有一些读者经常问我，数据结构与算法应该要学习到哪个程度呢？，说实话，这个问题我不知道要怎么回答你，主要取决于你想学习到哪些程度，不过针对这个问题，我稍微总结一下我学过的算法知识点，以及我觉得值得学习的算法。这些算法与数据结构的学习大多数是零散的，并没有一本把他们全部覆盖的书籍。下面是我觉得值得学习的一些算法以及数据结构，当然，我也会整理一些看过...,帅地,none,u_c_null,由于我之前一直强调数据结构以及算法学习的重要性，所以就有一些读者经常问我，数据结构与算法应该要学习到哪个程度呢？，说实话，这个问题我不知道要怎么回答你，主要取决于你想学习到哪些程度，不过针对这个问题，我稍微总结一下我学过的算法知识点，以及我觉得值得学习的算法。这些算法与数据结构的学习大多数是零散的，并没有一本把他们全部覆盖的书籍。下面是我觉得值得学习的一些算法以及数据结构，当然，我也会整理一些看过...,1573107048,1573107048,https://blog.csdn.net/m0_37907797,https://profile.csdnimg.cn/9/8/5/1_m0_37907797
233,,0,0,ZackSock,0,09月29日,1404,false,C语言实现推箱子游戏,blog,https://blog.csdn.net/ZackSock/article/details/101645494,0,101645494,,,其它,70353,很早就想过做点小游戏了，但是一直没有机会动手。今天闲来无事，动起手来。过程还是蛮顺利的，代码也不是非常难。今天给大家分享一下~一、介绍开发语言：C语言开发工具：Dev-C++5.11日期：2019年9月28日作者：ZackSock也不说太多多余的话了，先看一下效果图：游戏中的人物、箱子、墙壁、球都是字符构成的。通过wasd键移动，规则的话就是推箱子的规则，也就不多说了。二、代...,ZackSock,none,u_c_null,很早就想过做点小游戏了，但是一直没有机会动手。今天闲来无事，动起手来。过程还是蛮顺利的，代码也不是非常难。今天给大家分享一下~一、介绍开发语言：C语言开发工具：Dev-C++5.11日期：2019年9月28日作者：ZackSock也不说太多多余的话了，先看一下效果图：游戏中的人物、箱子、墙壁、球都是字符构成的。通过wasd键移动，规则的话就是推箱子的规则，也就不多说了。二、代...,1573107048,1573107048,https://blog.csdn.net/ZackSock,https://profile.csdnimg.cn/2/2/6/1_zacksock
294,,0,0,qq_40693171,0,09月21日,778,true,我花了一夜用数据结构给女朋友写个H5走迷宫游戏,blog,https://blog.csdn.net/qq_40693171/article/details/100716766,0,100716766,,,其它,128876,起因又到深夜了，我按照以往在csdn和公众号写着数据结构！这占用了我大量的时间！我的超越妹妹严重缺乏陪伴而怨气满满！而女朋友时常埋怨，认为数据结构这么抽象难懂的东西没啥作用，常会问道：天天写这玩意，有啥作用。而我答道：能干事情多了，比如写个迷宫小游戏啥的！当我码完字准备睡觉时：写不好别睡觉！分析如果用数据结构与算法造出东西来呢？...,bigsai(同公众号),none,u_c_null,起因又到深夜了，我按照以往在csdn和公众号写着数据结构！这占用了我大量的时间！我的超越妹妹严重缺乏陪伴而怨气满满！而女朋友时常埋怨，认为数据结构这么抽象难懂的东西没啥作用，常会问道：天天写这玩意，有啥作用。而我答道：能干事情多了，比如写个迷宫小游戏啥的！当我码完字准备睡觉时：写不好别睡觉！分析如果用数据结构与算法造出东西来呢？...,1573107048,1573107048,https://blog.csdn.net/qq_40693171,https://profile.csdnimg.cn/C/E/8/1_qq_40693171
0,,0,0,qq_42725189,0,17小时前,2,false,树上好题选讲2 对应代码,blog,https://blog.csdn.net/qq_42725189/article/details/102942605,0,102942605,,,其它,11,"#include&lt;bits/stdc++.h&gt;#defineN2000005usingnamespacestd;structnode{	intto,nxt;}e[8000005];intn,m,mp[N],id[N],js,z[N],zz,tot,head[N];intld[N],rd[N],bl[N];voidbuild(inta,intb){...",xagadrd,none,u_c_null,"#include&amp;lt;bits/stdc++.h&amp;gt;#defineN2000005usingnamespacestd;structnode{	intto,nxt;}e[8000005];intn,m,mp[N],id[N],js,z[N],zz,tot,head[N];intld[N],rd[N],bl[N];voidbuild(inta,intb){...",1573107048,1573107048,https://blog.csdn.net/qq_42725189,https://profile.csdnimg.cn/5/E/5/1_qq_42725189
1,,0,0,qq_32447301,0,2天前,1,false,PerfDog,blog,https://blog.csdn.net/qq_32447301/article/details/102911116,0,102911116,,,其它,98,WeTest客户端性能测试工具——移动全平台iOS\Android性能测试、分析平台，致力提升全球移动应用和游戏的性能和品质！PerfDog是谁？PerfDog性能狗是移动全平台iOS\Android性能测试工具平台，快速定位分析性能问题，提升APP应用及游戏性能和品质，收集无需ROOT/越狱，手机硬件、游戏及应用无需做任何更改，极简化即插即用。PerfDog提供什么服务？腾讯WeTes...,灬点点,none,u_c_null,WeTest客户端性能测试工具&mdash;&mdash;移动全平台iOS\Android性能测试、分析平台，致力提升全球移动应用和游戏的性能和品质！PerfDog是谁？PerfDog性能狗是移动全平台iOS\Android性能测试工具平台，快速定位分析性能问题，提升APP应用及游戏性能和品质，收集无需ROOT/越狱，手机硬件、游戏及应用无需做任何更改，极简化即插即用。PerfDog提供什么服务？腾讯WeTes...,1573107048,1573107048,https://blog.csdn.net/qq_32447301,https://profile.csdnimg.cn/7/5/D/1_qq_32447301
4,,0,0,weixin_45822638,0,4天前,19,false,java游戏,blog,https://blog.csdn.net/weixin_45822638/article/details/102874288,0,102874288,,,其它,2555,"桌球importjava.awt.*;importjavax.swing.*;publicclassBallGame2extendsJFrame{Imageball=Toolkit.getDefaultToolkit().getImage(""images/1.png"");Imagedesk=Toolkit.getDefaultToolkit().getI...",Army  Fan,none,u_c_null,桌球importjava.awt.*;importjavax.swing.*;publicclassBallGame2extendsJFrame{Imageball=Toolkit.getDefaultToolkit().getImage(&quot;images/1.png&quot;);Imagedesk=Toolkit.getDefaultToolkit().getI...,1573107048,1573107048,https://blog.csdn.net/weixin_45822638,https://profile.csdnimg.cn/2/5/C/1_weixin_45822638
0,,0,0,dengjin20104042056,0,1天前,1,true,【Linux系统编程】信号 (上),blog,https://blog.csdn.net/dengjin20104042056/article/details/102919662,0,102919662,,,其它,89,00.目录文章目录00.目录01.信号概述02.信号编号03.信号产生方式04.kill发送信号05.pause等待信号06.信号处理方式07.信号处理函数08.附录01.信号概述信号是Linux进程间通信的最古老的方式。信号是软件中断，它是在软件层次上对中断机制的一种模拟，是一种异步通信的方式。信号可以导致一个正在运行的进程被另一个正在运行的异步进程中断，转而处...,沧海一笑-dj,none,u_c_null,00.目录文章目录00.目录01.信号概述02.信号编号03.信号产生方式04.kill发送信号05.pause等待信号06.信号处理方式07.信号处理函数08.附录01.信号概述信号是Linux进程间通信的最古老的方式。信号是软件中断，它是在软件层次上对中断机制的一种模拟，是一种异步通信的方式。信号可以导致一个正在运行的进程被另一个正在运行的异步进程中断，转而处...,1573107048,1573107048,https://blog.csdn.net/dengjin20104042056,https://profile.csdnimg.cn/6/F/0/1_dengjin20104042056
0,,0,0,q465162770,0,1天前,1,false,对于大连个别面试官的一些想法把,blog,https://blog.csdn.net/q465162770/article/details/102916922,0,102916922,,,其它,70,也算对自己的一点提醒上周去软件园9号楼面试一家日企这里就不打算写名字了第一我和HR沟通了我是CS方向的会BS但是项目很少第二HR肯定会把简历给技术觉得可以才打电话面试好这是前提条件一进门说很不客气的说你把对日的BS的项目说一下我一看是个急性子行我就把保守的网站项目说了一下还有一个nodejs项目因为本社的东西...,小慧哥,none,u_c_null,也算对自己的一点提醒上周去软件园9号楼面试一家日企这里就不打算写名字了第一我和HR沟通了我是CS方向的会BS但是项目很少第二HR肯定会把简历给技术觉得可以才打电话面试好这是前提条件一进门说很不客气的说你把对日的BS的项目说一下我一看是个急性子行我就把保守的网站项目说了一下还有一个nodejs项目因为本社的东西...,1573107048,1573107048,https://blog.csdn.net/q465162770,https://profile.csdnimg.cn/5/B/B/1_q465162770
24,,0,0,weixin_45574883,0,1天前,9,true,手把手教你Android人脸识别登录,blog,https://blog.csdn.net/weixin_45574883/article/details/102874953,0,102874953,,,其它,684,近来，很多公司的APP都实现了人脸识别登录的功能。今天呢，银鹏带大家从头到尾做一下这个人脸识别登录。首先呢，我们需要采用一个拥有人脸识别算法的平台，这边我建议使用虹软的人脸识别，因为我个人用的就是这个，关键有一点好处，就是免费。注册链接：点击进入注册。注册完毕以后，话不多说，我们进入流程。第一步：在虹软平台创建应用直接安装SDK查看激活码...,王银鹏,none,u_c_null,近来，很多公司的APP都实现了人脸识别登录的功能。今天呢，银鹏带大家从头到尾做一下这个人脸识别登录。首先呢，我们需要采用一个拥有人脸识别算法的平台，这边我建议使用虹软的人脸识别，因为我个人用的就是这个，关键有一点好处，就是免费。注册链接：点击进入注册。注册完毕以后，话不多说，我们进入流程。第一步：在虹软平台创建应用直接安装SDK查看激活码...,1573107050,1573107050,https://blog.csdn.net/weixin_45574883,https://profile.csdnimg.cn/1/D/B/1_weixin_45574883
0,,0,0,zzsatym,0,1天前,0,false,Xcode 11 Xib&nbsp;_UITextLayoutView&nbsp;崩溃,blog,https://blog.csdn.net/zzsatym/article/details/102919289,0,102919289,,,其它,162,"Xcode11Xib_UITextLayoutView崩溃崩溃信息如下：***Terminatingappduetouncaughtexception'NSInvalidUnarchiveOperationException',reason:'Couldnotinstantiateclassnamed_UITextLayoutViewbecaus...",Kael_zzs,none,u_c_null,"Xcode11Xib_UITextLayoutView崩溃崩溃信息如下：***Terminatingappduetouncaughtexception'NSInvalidUnarchiveOperationException',reason:'Couldnotinstantiateclassnamed_UITextLayoutViewbecaus...",1573107050,1573107050,https://blog.csdn.net/zzsatym,https://profile.csdnimg.cn/4/3/D/1_zzsatym
107,,0,0,Hallo_ZM,0,10月28日,114,false,2019双十一淘宝天猫刷喵币,blog,https://blog.csdn.net/Hallo_ZM/article/details/102774244,0,102774244,,,其它,15484,"实现步骤下载并安装Auto.js官网网址:https://hyb1996.github.io/AutoJs-DocsGithub地址:https://github.com/hyb1996/Auto.js不过我知道因为什么原因资源被酷安下架了,所以附上Auto.js的安装包在我的下载里.为软件打开无障碍权限.在软件中将脚本保存并运行即可,脚本会自己打开手机淘宝并进行一系列的操作.脚...",Hallo_ZM,none,u_c_null,"实现步骤下载并安装Auto.js官网网址:https://hyb1996.github.io/AutoJs-DocsGithub地址:https://github.com/hyb1996/Auto.js不过我知道因为什么原因资源被酷安下架了,所以附上Auto.js的安装包在我的下载里.为软件打开无障碍权限.在软件中将脚本保存并运行即可,脚本会自己打开手机淘宝并进行一系列的操作.脚...",1573107050,1573107050,https://blog.csdn.net/Hallo_ZM,https://profile.csdnimg.cn/A/9/A/1_hallo_zm
0,,0,0,qq_15950325,0,23小时前,0,false,解决Android Studio 3.4.1 无法打relase debug包的问题,blog,https://blog.csdn.net/qq_15950325/article/details/102933514,0,102933514,,,其它,127,"1、首先这次客户需求静默升级静默安装自启动等，因为静默安装需要系统签名，如下所示android:sharedUserId=""android.uid.system""然后通过GenerateSignedBundle/APK这里不是介绍的重点，不知道直接看这篇文章，这里不再赘述https://jingyan.baidu.com/article/eae078276200...",KdanMin,none,u_c_null,1、首先这次客户需求静默升级静默安装自启动等，因为静默安装需要系统签名，如下所示android:sharedUserId=&quot;android.uid.system&quot;然后通过GenerateSignedBundle/APK这里不是介绍的重点，不知道直接看这篇文章，这里不再赘述https://jingyan.baidu.com/article/eae078276200...,1573107050,1573107050,https://blog.csdn.net/qq_15950325,https://profile.csdnimg.cn/1/A/4/1_qq_15950325
1,,0,0,qq_37492806,0,1天前,2,false,Android Activity 透明主题 使用,blog,https://blog.csdn.net/qq_37492806/article/details/102931289,0,102931289,,,其它,44,"序最近了解到一些朋友单身了，我就想说不就是一个购物车，至于吗？看朋友圈发现大部分单身的要比不单身的活的更精彩，俺也不知道为啥，以前单身的时候压力大，现在不单身了压力更大。真的是人人都有一本难念的经书呀。对于现阶段感情上有挫折的朋友，我只想说但愿""有情人终成眷属""，并且不要太为难自己，有些事情或者结果如果把时间线拉长一点看的话也许是另一番风景。...",Super 含,none,u_c_null,序最近了解到一些朋友单身了，我就想说不就是一个购物车，至于吗？看朋友圈发现大部分单身的要比不单身的活的更精彩，俺也不知道为啥，以前单身的时候压力大，现在不单身了压力更大。真的是人人都有一本难念的经书呀。对于现阶段感情上有挫折的朋友，我只想说但愿&quot;有情人终成眷属&quot;，并且不要太为难自己，有些事情或者结果如果把时间线拉长一点看的话也许是另一番风景。...,1573107050,1573107050,https://blog.csdn.net/qq_37492806,https://profile.csdnimg.cn/F/0/8/1_qq_37492806
1,,0,0,chijiandi,0,1天前,1,false,安卓虚拟定位实现与反作弊思路,blog,https://blog.csdn.net/chijiandi/article/details/102779388,0,102779388,,,其它,230,安卓虚拟定位实现与反作弊思路,池剑迪,none,u_c_null,安卓虚拟定位实现与反作弊思路,1573107050,1573107050,https://blog.csdn.net/chijiandi,https://profile.csdnimg.cn/3/7/F/1_chijiandi
0,,0,0,xxdw1992,0,2天前,0,false,AndoidX详解,blog,https://blog.csdn.net/xxdw1992/article/details/102910286,0,102910286,,,其它,72,一.AndroidStudio将support库改成Androidx为什么转换?最近Google发布了Androidsupportlibrary28，同时也发布了androidx1.0.0第一个正式版本，然后得知支持库的“28.0.0”将会是最后一次更新，之后的更新都会迁移到Androidx中，所以没办法，只能把项目依赖也迁移到Androidx了1.1在A...,ChampionDragon,none,u_c_null,一.AndroidStudio将support库改成Androidx为什么转换?最近Google发布了Androidsupportlibrary28，同时也发布了androidx1.0.0第一个正式版本，然后得知支持库的&ldquo;28.0.0&rdquo;将会是最后一次更新，之后的更新都会迁移到Androidx中，所以没办法，只能把项目依赖也迁移到Androidx了1.1在A...,1573107050,1573107050,https://blog.csdn.net/xxdw1992,https://profile.csdnimg.cn/0/0/8/1_xxdw1992
0,,0,0,qq_33505109,0,1天前,1,false,超级封装RecyclerView.Adapter --只需二三十行代码,blog,https://blog.csdn.net/qq_33505109/article/details/102916599,0,102916599,,,其它,64,"前言android开发中,RecyclerView是很常用的控件,而且功能也很强大,并且各种三方封装或者扩展库也是非常多,如:BaseQuickAdapter,XRecyclerview,当然还有我以前封装的LtRecyclerView比如BaseQuickAdapter虽然封装的非常方便,但那是相对于java语言,那用kotlin能不能使Adapter的封装更方便呢?答案是可以第一次...",滔lt,none,u_c_null,"前言android开发中,RecyclerView是很常用的控件,而且功能也很强大,并且各种三方封装或者扩展库也是非常多,如:BaseQuickAdapter,XRecyclerview,当然还有我以前封装的LtRecyclerView比如BaseQuickAdapter虽然封装的非常方便,但那是相对于java语言,那用kotlin能不能使Adapter的封装更方便呢?答案是可以第一次...",1573107050,1573107050,https://blog.csdn.net/qq_33505109,https://profile.csdnimg.cn/F/3/C/1_qq_33505109
2,,0,0,qq_39178790,0,23小时前,2,false,安卓全局禁止状态栏下拉,blog,https://blog.csdn.net/qq_39178790/article/details/102934187,0,102934187,,,其它,49,欢迎指正啦,你是微光c,none,u_c_null,欢迎指正啦,1573107050,1573107050,https://blog.csdn.net/qq_39178790,https://profile.csdnimg.cn/9/0/0/1_qq_39178790
0,,0,0,qq1014156094,0,1天前,1,false,Vue Nuxt.js 使用 VantUI 自动按需引入组件和定制主题文件覆盖的配置方法,blog,https://blog.csdn.net/qq1014156094/article/details/102931708,0,102931708,,,其它,8,"constpath=require('path')exportdefault{build:{babel:{plugins:[//VantUI自动按需引入组件配置['import',{libraryName:'vant',...",小 7 哥,none,u_c_null,"constpath=require('path')exportdefault{build:{babel:{plugins:[//VantUI自动按需引入组件配置['import',{libraryName:'vant',...",1573107050,1573107050,https://blog.csdn.net/qq1014156094,https://profile.csdnimg.cn/D/A/A/1_qq1014156094
2,,0,0,qing_gee,0,2天前,27,true,如何理解 Java 中的继承？,blog,https://blog.csdn.net/qing_gee/article/details/102909771,0,102909771,,,其它,1233,编点俏皮话吧，这样可以更好地理解继承（extends）——小明他爸是个七品芝麻官，那么小明就是个管二代；小明他爸当年走过雪山草地，越过鸭绿江边，那么小明就是个宏二代；小明他爸有三亩地，拆迁后分了10套房，那么小明就是柴二代。//老华classLaohua{}//小华classXiaohuaextendsLaohua{}请允许我继续编下去：小华和小华他爸都是手...,沉默王二,none,u_c_null,编点俏皮话吧，这样可以更好地理解继承（extends）&mdash;&mdash;小明他爸是个七品芝麻官，那么小明就是个管二代；小明他爸当年走过雪山草地，越过鸭绿江边，那么小明就是个宏二代；小明他爸有三亩地，拆迁后分了10套房，那么小明就是柴二代。//老华classLaohua{}//小华classXiaohuaextendsLaohua{}请允许我继续编下去：小华和小华他爸都是手...,1573107051,1573107051,https://blog.csdn.net/qing_gee,https://profile.csdnimg.cn/9/1/2/1_qing_gee
13,,0,0,hguisu,0,3天前,37,false,架构师成长之路(3)--如何成为架构师（方法）,blog,https://blog.csdn.net/hguisu/article/details/46687555,0,46687555,,,其它,33519,"前言：哲学家常思考的问题：""我是谁？""""我从哪里来？""""要到哪里去？不只是哲学家，我想每个人都有自己对这三个问题的认知。如果我们要成为架构师，我们自己要面临的三大问题：找准自己定位：我是谁？在哪里？怎样做好架构师：我要做什么？如何搭建架构师知识体系：我该怎么做？这里面就是做事方法论：目标（我要做什么），方法（计划）（我该怎么做）,执行/行动0.能力等级定义心理...",规速,none,u_c_null,"前言：哲学家常思考的问题：&quot;我是谁？&quot;&quot;我从哪里来？&quot;&quot;要到哪里去？不只是哲学家，我想每个人都有自己对这三个问题的认知。如果我们要成为架构师，我们自己要面临的三大问题：找准自己定位：我是谁？在哪里？怎样做好架构师：我要做什么？如何搭建架构师知识体系：我该怎么做？这里面就是做事方法论：目标（我要做什么），方法（计划）（我该怎么做）,执行/行动0.能力等级定义心理...",1573107051,1573107051,https://blog.csdn.net/hguisu,https://profile.csdnimg.cn/F/2/A/1_hguisu
1,,0,0,blogdevteam,0,23小时前,5,false,期待你的加入！CSDN Blink题主招募令,blog,https://blog.csdn.net/blogdevteam/article/details/102934697,0,102934697,,,其它,94,一步两步三步，嘿！看这里~Blink自从上线以来，受到了超多人的青睐，大家在这里撕掉程序员标签，发挥创作热情，分享自己的成长趣事，随着新鲜、有趣的内容越来越多，Blink小姐姐发出话题题主招募令，以下话题急需你来申请：程序媛人工智能开源精选你好，大学求职面试问题与解答相亲交友热点资讯职场有料申请条件：在你感兴趣的话题下面发布5条与主题相关的Blink关注话题动态，发...,CSDN官方博客,none,u_c_null,一步两步三步，嘿！看这里~Blink自从上线以来，受到了超多人的青睐，大家在这里撕掉程序员标签，发挥创作热情，分享自己的成长趣事，随着新鲜、有趣的内容越来越多，Blink小姐姐发出话题题主招募令，以下话题急需你来申请：程序媛人工智能开源精选你好，大学求职面试问题与解答相亲交友热点资讯职场有料申请条件：在你感兴趣的话题下面发布5条与主题相关的Blink关注话题动态，发...,1573107051,1573107051,https://blog.csdn.net/blogdevteam,https://profile.csdnimg.cn/8/C/E/1_blogdevteam
3,,0,0,zyy_hbcz,0,1天前,6,false,北漂6年，不忘初心,blog,https://blog.csdn.net/zyy_hbcz/article/details/102921712,0,102921712,,,其它,412,十一月，北京的夜风很凉、很凉；但仍相信：有一种力量，叫坚持；有一种坚持，叫初心；有一种初心，叫梦想；有一种梦想，叫远方；有一种远方，叫无惧。时光飞逝，转眼间，自己一个人已在北京漂了六年零两个月了。在过去的六年零两个月里，自己作为一名女程序员，在这个女生数量不多的行业里，笑过、哭过、开心过、迷茫过、奋斗过、爱过、恨过、后悔过、也曾被质疑过……但幸运的是自己一直坚持初心...,樱花语,none,u_c_null,十一月，北京的夜风很凉、很凉；但仍相信：有一种力量，叫坚持；有一种坚持，叫初心；有一种初心，叫梦想；有一种梦想，叫远方；有一种远方，叫无惧。时光飞逝，转眼间，自己一个人已在北京漂了六年零两个月了。在过去的六年零两个月里，自己作为一名女程序员，在这个女生数量不多的行业里，笑过、哭过、开心过、迷茫过、奋斗过、爱过、恨过、后悔过、也曾被质疑过&hellip;&hellip;但幸运的是自己一直坚持初心...,1573107051,1573107051,https://blog.csdn.net/zyy_hbcz,https://profile.csdnimg.cn/0/4/D/1_zyy_hbcz
0,,0,0,weixin_43392489,0,2天前,6,false,第七十期：2019年度Java开发者路线图,blog,https://blog.csdn.net/weixin_43392489/article/details/102911000,0,102911000,,,其它,188,本文将向大家展示了一张Java开发者路线图。该路线图在保持简单可行的基础上，介绍了各种具有业界标准、且方便多数人遵循的工具和程序库。作者：陈峻许多Java开发人员都希望通过某种Java成长路线图，来解答有关：该学习哪些技术，使用哪些工具以及框架之类的问题。在此，我将向大家展示一张根据自己多年经验总结出的路线图。该路线图在保持简单可行的基础上，介绍了各种具有业界标准、且方便多数人遵循的...,你知道歌谣吗？,none,u_c_null,本文将向大家展示了一张Java开发者路线图。该路线图在保持简单可行的基础上，介绍了各种具有业界标准、且方便多数人遵循的工具和程序库。作者：陈峻许多Java开发人员都希望通过某种Java成长路线图，来解答有关：该学习哪些技术，使用哪些工具以及框架之类的问题。在此，我将向大家展示一张根据自己多年经验总结出的路线图。该路线图在保持简单可行的基础上，介绍了各种具有业界标准、且方便多数人遵循的...,1573107051,1573107051,https://blog.csdn.net/weixin_43392489,https://profile.csdnimg.cn/6/7/2/1_weixin_43392489
14,,0,0,harvic880925,0,6天前,59,false,在中国程序员是青春饭吗？,blog,https://blog.csdn.net/harvic880925/article/details/102850436,0,102850436,,,其它,4182,今年，我也32了，为了不给大家误导，咨询了猎头、圈内好友，以及年过35岁的几位老程序员……舍了老脸去揭人家伤疤……希望能给大家以帮助，记得帮我点赞哦。目录：你以为的人生	一次又一次的伤害	猎头界的真相	如何应对互联网行业的「中年危机」一、你以为的人生刚入行时，拿着傲人的工资，想着好好干，以为我们的人生是这样的：等真到了那一天，你会发现，你的人生很可能是这样的：...,启舰,none,u_c_null,今年，我也32了，为了不给大家误导，咨询了猎头、圈内好友，以及年过35岁的几位老程序员&hellip;&hellip;舍了老脸去揭人家伤疤&hellip;&hellip;希望能给大家以帮助，记得帮我点赞哦。目录：你以为的人生	一次又一次的伤害	猎头界的真相	如何应对互联网行业的「中年危机」一、你以为的人生刚入行时，拿着傲人的工资，想着好好干，以为我们的人生是这样的：等真到了那一天，你会发现，你的人生很可能是这样的：...,1573107051,1573107051,https://blog.csdn.net/harvic880925,https://profile.csdnimg.cn/0/D/3/1_harvic880925
5,,0,0,qq_41894068,0,2天前,4,false,"之前看到有前辈说要定期写博客,所以决定从现在开始写,算是成长自传体吧,会一直持续到我要离开这个行业为止,希望和大家一起成长,谢谢",blog,https://blog.csdn.net/qq_41894068/article/details/102897109,0,102897109,,,其它,94,"还挺长的,都是关于自己的,而且挺多表情包,流量不够使,就别看了聊聊自己我就是一个普通三本学校的大学生,计算机科学与技术专业的,高考时候英语考了29分,理综还算高点,最后总分比二本线多了二十多分,刚好能上个本科.刚开始呢，选这个专业是我舅舅帮我选的，我舅舅是一个大学的副教授,当时也没什么喜欢的专业,觉得都行,所以我母亲就让舅舅帮我做决定了.上了三年学,到现在,其实真的挺迷茫的,不知道考...",lSunnyll,none,u_c_null,"还挺长的,都是关于自己的,而且挺多表情包,流量不够使,就别看了聊聊自己我就是一个普通三本学校的大学生,计算机科学与技术专业的,高考时候英语考了29分,理综还算高点,最后总分比二本线多了二十多分,刚好能上个本科.刚开始呢，选这个专业是我舅舅帮我选的，我舅舅是一个大学的副教授,当时也没什么喜欢的专业,觉得都行,所以我母亲就让舅舅帮我做决定了.上了三年学,到现在,其实真的挺迷茫的,不知道考...",1573107051,1573107051,https://blog.csdn.net/qq_41894068,https://profile.csdnimg.cn/2/5/4/1_qq_41894068
13,,0,0,DavidGoGo_,0,7天前,221,false,程序员接私活怎样防止做完了不给钱？,blog,https://blog.csdn.net/DavidGoGo_/article/details/102824354,0,102824354,,,其它,16897,首先跟大家说明一点，我们做IT类的外包开发，是非标品开发，所以很有可能在开发过程中会有这样那样的需求修改，而这种需求修改很容易造成扯皮，进而影响到费用支付，甚至出现做完了项目收不到钱的情况。那么，怎么保证自己的薪酬安全呢？我们在开工前，一定要做好一些证据方面的准备（也就是“讨薪”的理论依据），这其中最重要的就是需求文档和验收标准。一定要让需求方提供这两个文档资料作为开发的基础。之后开发...,DavidGoGo_,none,u_c_null,首先跟大家说明一点，我们做IT类的外包开发，是非标品开发，所以很有可能在开发过程中会有这样那样的需求修改，而这种需求修改很容易造成扯皮，进而影响到费用支付，甚至出现做完了项目收不到钱的情况。那么，怎么保证自己的薪酬安全呢？我们在开工前，一定要做好一些证据方面的准备（也就是&ldquo;讨薪&rdquo;的理论依据），这其中最重要的就是需求文档和验收标准。一定要让需求方提供这两个文档资料作为开发的基础。之后开发...,1573107051,1573107051,https://blog.csdn.net/DavidGoGo_,https://profile.csdnimg.cn/1/D/A/1_davidgogo_
25,,0,0,xiyue001,0,6天前,342,false,兼职程序员一般可以从什么平台接私活？,blog,https://blog.csdn.net/xiyue001/article/details/102816596,0,102816596,,,其它,18287,这个问题我进行了系统性的总结，以下将进行言简意赅的说明和渠道提供，希望对各位小猿/小媛们有帮助~根据我们的经验，程序员兼职主要分为三种：兼职职位众包、项目整包和自由职业者驻场。所谓的兼职职位众包，指的是需求方这边有自有工程师配合，只需要某个职位的工程师开发某个模块的项目。比如开发一个app，后端接口有人开发，但是缺少iOS前端开发工程师，那么他们就会发布一个职位招聘前端，来配合公司一...,github_master,none,u_c_null,这个问题我进行了系统性的总结，以下将进行言简意赅的说明和渠道提供，希望对各位小猿/小媛们有帮助~根据我们的经验，程序员兼职主要分为三种：兼职职位众包、项目整包和自由职业者驻场。所谓的兼职职位众包，指的是需求方这边有自有工程师配合，只需要某个职位的工程师开发某个模块的项目。比如开发一个app，后端接口有人开发，但是缺少iOS前端开发工程师，那么他们就会发布一个职位招聘前端，来配合公司一...,1573107051,1573107051,https://blog.csdn.net/xiyue001,https://profile.csdnimg.cn/B/A/0/1_xiyue001
41,,0,0,yellowzf3,0,10月25日,127,false,从月薪3K的中专生，到身家千万的CTO！人生最大的对手，就是自已,blog,https://blog.csdn.net/yellowzf3/article/details/102739368,0,102739368,,,其它,12478,关注“技术领导力”博客，独家大厂干货推送文/Daniel.WDavid坐在我对面，窗外是梦境般的外滩夜景，繁星点点的璀璨灯火，散落在黄浦江两岸。我转过头对David说，你丫挺会享受啊，约我到这么浪漫的地方。David狠狠地吸了一口手中的雪茄，又快速吐了出来，眼睛眯成一条缝，品味着雪茄在口中的醇香，一边说，MD，转眼我们都快40了，记得2002年，刚认识那会才20出头，时间...,技术领导力,none,u_c_null,关注&ldquo;技术领导力&rdquo;博客，独家大厂干货推送文/Daniel.WDavid坐在我对面，窗外是梦境般的外滩夜景，繁星点点的璀璨灯火，散落在黄浦江两岸。我转过头对David说，你丫挺会享受啊，约我到这么浪漫的地方。David狠狠地吸了一口手中的雪茄，又快速吐了出来，眼睛眯成一条缝，品味着雪茄在口中的醇香，一边说，MD，转眼我们都快40了，记得2002年，刚认识那会才20出头，时间...,1573107051,1573107051,https://blog.csdn.net/yellowzf3,https://profile.csdnimg.cn/B/B/5/1_yellowzf3
